-- MySQL dump 10.13  Distrib 8.0.26, for Win64 (x86_64)
--
-- Host: localhost    Database: escolar
-- ------------------------------------------------------
-- Server version	8.0.26

/*!40101 SET @OLD_CHARACTER_SET_CLIENT=@@CHARACTER_SET_CLIENT */;
/*!40101 SET @OLD_CHARACTER_SET_RESULTS=@@CHARACTER_SET_RESULTS */;
/*!40101 SET @OLD_COLLATION_CONNECTION=@@COLLATION_CONNECTION */;
/*!50503 SET NAMES utf8 */;
/*!40103 SET @OLD_TIME_ZONE=@@TIME_ZONE */;
/*!40103 SET TIME_ZONE='+00:00' */;
/*!40014 SET @OLD_UNIQUE_CHECKS=@@UNIQUE_CHECKS, UNIQUE_CHECKS=0 */;
/*!40014 SET @OLD_FOREIGN_KEY_CHECKS=@@FOREIGN_KEY_CHECKS, FOREIGN_KEY_CHECKS=0 */;
/*!40101 SET @OLD_SQL_MODE=@@SQL_MODE, SQL_MODE='NO_AUTO_VALUE_ON_ZERO' */;
/*!40111 SET @OLD_SQL_NOTES=@@SQL_NOTES, SQL_NOTES=0 */;

--
-- Table structure for table `asistencia`
--

DROP TABLE IF EXISTS `asistencia`;
/*!40101 SET @saved_cs_client     = @@character_set_client */;
/*!50503 SET character_set_client = utf8mb4 */;
CREATE TABLE `asistencia` (
  `idAsistencia` int NOT NULL AUTO_INCREMENT,
  `fecha` varchar(255) NOT NULL,
  `claseIdClase` int DEFAULT NULL,
  `estudianteIdEstudiante` int DEFAULT NULL,
  PRIMARY KEY (`idAsistencia`),
  KEY `IDX_Clase_Asistencia` (`claseIdClase`),
  KEY `IDX_Estudiante_Asistencia` (`estudianteIdEstudiante`),
  CONSTRAINT `IDX_Clase_Asistencia` FOREIGN KEY (`claseIdClase`) REFERENCES `clases` (`idClase`) ON DELETE CASCADE ON UPDATE CASCADE,
  CONSTRAINT `IDX_Estudiante_Asistencia` FOREIGN KEY (`estudianteIdEstudiante`) REFERENCES `estudiantes` (`idEstudiante`) ON DELETE CASCADE ON UPDATE CASCADE
) ENGINE=InnoDB AUTO_INCREMENT=2504 DEFAULT CHARSET=utf8mb4 COLLATE=utf8mb4_0900_ai_ci;
/*!40101 SET character_set_client = @saved_cs_client */;

--
-- Dumping data for table `asistencia`
--

LOCK TABLES `asistencia` WRITE;
/*!40000 ALTER TABLE `asistencia` DISABLE KEYS */;
INSERT INTO `asistencia` VALUES (1,'2022-01-03',21,3),(2,'2022-01-03',19,59),(3,'2022-01-03',19,7),(4,'2022-01-03',17,11),(5,'2022-01-03',17,7),(6,'2022-01-03',17,3),(7,'2022-01-03',17,2),(8,'2022-01-03',15,31),(9,'2022-01-03',15,13),(10,'2022-01-03',15,3),(11,'2022-01-03',14,41),(12,'2022-01-03',14,2),(13,'2022-01-03',14,1),(14,'2022-01-03',13,3),(15,'2022-01-03',13,2),(16,'2022-01-03',11,13),(17,'2022-01-03',11,7),(18,'2022-01-03',10,5),(19,'2022-01-03',10,3),(20,'2022-01-03',10,2),(21,'2022-01-03',10,1),(22,'2022-01-03',9,13),(23,'2022-01-03',9,7),(24,'2022-01-03',9,3),(25,'2022-01-03',8,3),(26,'2022-01-03',8,2),(27,'2022-01-03',8,1),(28,'2022-01-03',7,37),(29,'2022-01-03',7,3),(30,'2022-01-03',7,2),(31,'2022-01-03',6,7),(32,'2022-01-03',6,3),(33,'2022-01-03',6,2),(34,'2022-01-03',5,37),(35,'2022-01-03',5,13),(36,'2022-01-03',5,11),(37,'2022-01-03',5,3),(38,'2022-01-03',5,2),(39,'2022-01-03',5,1),(40,'2022-01-03',4,3),(41,'2022-01-03',4,2),(42,'2022-01-03',3,7),(43,'2022-01-03',3,3),(44,'2022-01-03',3,2),(45,'2022-01-03',2,11),(46,'2022-01-03',2,7),(47,'2022-01-03',1,7),(48,'2022-01-03',1,3),(49,'2022-01-03',1,2),(50,'2022-01-03',1,1),(51,'2022-01-05',21,3),(52,'2022-01-05',19,59),(53,'2022-01-05',19,7),(54,'2022-01-05',17,11),(55,'2022-01-05',17,7),(56,'2022-01-05',17,3),(57,'2022-01-05',17,2),(58,'2022-01-05',15,31),(59,'2022-01-05',15,13),(60,'2022-01-05',15,3),(61,'2022-01-05',14,41),(62,'2022-01-05',14,2),(63,'2022-01-05',14,1),(64,'2022-01-05',13,3),(65,'2022-01-05',13,2),(66,'2022-01-05',11,13),(67,'2022-01-05',11,7),(68,'2022-01-05',10,5),(69,'2022-01-05',10,3),(70,'2022-01-05',10,2),(71,'2022-01-05',10,1),(72,'2022-01-05',9,13),(73,'2022-01-05',9,7),(74,'2022-01-05',9,3),(75,'2022-01-05',8,3),(76,'2022-01-05',8,2),(77,'2022-01-05',8,1),(78,'2022-01-05',7,37),(79,'2022-01-05',7,3),(80,'2022-01-05',7,2),(81,'2022-01-05',6,7),(82,'2022-01-05',6,3),(83,'2022-01-05',6,2),(84,'2022-01-05',5,37),(85,'2022-01-05',5,13),(86,'2022-01-05',5,11),(87,'2022-01-05',5,3),(88,'2022-01-05',5,2),(89,'2022-01-05',5,1),(90,'2022-01-05',4,3),(91,'2022-01-05',4,2),(92,'2022-01-05',3,7),(93,'2022-01-05',3,3),(94,'2022-01-05',3,2),(95,'2022-01-05',2,11),(96,'2022-01-05',2,7),(97,'2022-01-05',1,7),(98,'2022-01-05',1,3),(99,'2022-01-05',1,2),(100,'2022-01-05',1,1),(101,'2022-01-07',21,3),(102,'2022-01-07',19,59),(103,'2022-01-07',19,7),(104,'2022-01-07',17,11),(105,'2022-01-07',17,7),(106,'2022-01-07',17,3),(107,'2022-01-07',17,2),(108,'2022-01-07',15,31),(109,'2022-01-07',15,13),(110,'2022-01-07',15,3),(111,'2022-01-07',14,41),(112,'2022-01-07',14,2),(113,'2022-01-07',14,1),(114,'2022-01-07',13,3),(115,'2022-01-07',13,2),(116,'2022-01-07',11,13),(117,'2022-01-07',11,7),(118,'2022-01-07',10,5),(119,'2022-01-07',10,3),(120,'2022-01-07',10,2),(121,'2022-01-07',10,1),(122,'2022-01-07',9,13),(123,'2022-01-07',9,7),(124,'2022-01-07',9,3),(125,'2022-01-07',8,3),(126,'2022-01-07',8,2),(127,'2022-01-07',8,1),(128,'2022-01-07',7,37),(129,'2022-01-07',7,3),(130,'2022-01-07',7,2),(131,'2022-01-07',6,7),(132,'2022-01-07',6,3),(133,'2022-01-07',6,2),(134,'2022-01-07',5,37),(135,'2022-01-07',5,13),(136,'2022-01-07',5,11),(137,'2022-01-07',5,3),(138,'2022-01-07',5,2),(139,'2022-01-07',5,1),(140,'2022-01-07',4,3),(141,'2022-01-07',4,2),(142,'2022-01-07',3,7),(143,'2022-01-07',3,3),(144,'2022-01-07',3,2),(145,'2022-01-07',2,11),(146,'2022-01-07',2,7),(147,'2022-01-07',1,7),(148,'2022-01-07',1,3),(149,'2022-01-07',1,2),(150,'2022-01-07',1,1),(151,'2022-01-11',21,3),(152,'2022-01-11',19,59),(153,'2022-01-11',19,7),(154,'2022-01-11',17,11),(155,'2022-01-11',17,7),(156,'2022-01-11',17,3),(157,'2022-01-11',17,2),(158,'2022-01-11',15,31),(159,'2022-01-11',15,13),(160,'2022-01-11',15,3),(161,'2022-01-11',14,41),(162,'2022-01-11',14,2),(163,'2022-01-11',14,1),(164,'2022-01-11',13,3),(165,'2022-01-11',13,2),(166,'2022-01-11',11,13),(167,'2022-01-11',11,7),(168,'2022-01-11',10,5),(169,'2022-01-11',10,3),(170,'2022-01-11',10,2),(171,'2022-01-11',10,1),(172,'2022-01-11',9,13),(173,'2022-01-11',9,7),(174,'2022-01-11',9,3),(175,'2022-01-11',8,3),(176,'2022-01-11',8,2),(177,'2022-01-11',8,1),(178,'2022-01-11',7,37),(179,'2022-01-11',7,3),(180,'2022-01-11',7,2),(181,'2022-01-11',6,7),(182,'2022-01-11',6,3),(183,'2022-01-11',6,2),(184,'2022-01-11',5,37),(185,'2022-01-11',5,13),(186,'2022-01-11',5,11),(187,'2022-01-11',5,3),(188,'2022-01-11',5,2),(189,'2022-01-11',5,1),(190,'2022-01-11',4,3),(191,'2022-01-11',4,2),(192,'2022-01-11',3,7),(193,'2022-01-11',3,3),(194,'2022-01-11',3,2),(195,'2022-01-11',2,11),(196,'2022-01-11',2,7),(197,'2022-01-11',1,7),(198,'2022-01-11',1,3),(199,'2022-01-11',1,2),(200,'2022-01-11',1,1),(201,'2022-01-13',21,3),(202,'2022-01-13',19,59),(203,'2022-01-13',19,7),(204,'2022-01-13',17,11),(205,'2022-01-13',17,7),(206,'2022-01-13',17,3),(207,'2022-01-13',17,2),(208,'2022-01-13',15,31),(209,'2022-01-13',15,13),(210,'2022-01-13',15,3),(211,'2022-01-13',14,41),(212,'2022-01-13',14,2),(213,'2022-01-13',14,1),(214,'2022-01-13',13,3),(215,'2022-01-13',13,2),(216,'2022-01-13',11,13),(217,'2022-01-13',11,7),(218,'2022-01-13',10,5),(219,'2022-01-13',10,3),(220,'2022-01-13',10,2),(221,'2022-01-13',10,1),(222,'2022-01-13',9,13),(223,'2022-01-13',9,7),(224,'2022-01-13',9,3),(225,'2022-01-13',8,3),(226,'2022-01-13',8,2),(227,'2022-01-13',8,1),(228,'2022-01-13',7,37),(229,'2022-01-13',7,3),(230,'2022-01-13',7,2),(231,'2022-01-13',6,7),(232,'2022-01-13',6,3),(233,'2022-01-13',6,2),(234,'2022-01-13',5,37),(235,'2022-01-13',5,13),(236,'2022-01-13',5,11),(237,'2022-01-13',5,3),(238,'2022-01-13',5,2),(239,'2022-01-13',5,1),(240,'2022-01-13',4,3),(241,'2022-01-13',4,2),(242,'2022-01-13',3,7),(243,'2022-01-13',3,3),(244,'2022-01-13',3,2),(245,'2022-01-13',2,11),(246,'2022-01-13',2,7),(247,'2022-01-13',1,7),(248,'2022-01-13',1,3),(249,'2022-01-13',1,2),(250,'2022-01-13',1,1),(251,'2022-01-17',21,3),(252,'2022-01-17',19,59),(253,'2022-01-17',19,7),(254,'2022-01-17',17,11),(255,'2022-01-17',17,7),(256,'2022-01-17',17,3),(257,'2022-01-17',17,2),(258,'2022-01-17',15,31),(259,'2022-01-17',15,13),(260,'2022-01-17',15,3),(261,'2022-01-17',14,41),(262,'2022-01-17',14,2),(263,'2022-01-17',14,1),(264,'2022-01-17',13,3),(265,'2022-01-17',13,2),(266,'2022-01-17',11,13),(267,'2022-01-17',11,7),(268,'2022-01-17',10,5),(269,'2022-01-17',10,3),(270,'2022-01-17',10,2),(271,'2022-01-17',10,1),(272,'2022-01-17',9,13),(273,'2022-01-17',9,7),(274,'2022-01-17',9,3),(275,'2022-01-17',8,3),(276,'2022-01-17',8,2),(277,'2022-01-17',8,1),(278,'2022-01-17',7,37),(279,'2022-01-17',7,3),(280,'2022-01-17',7,2),(281,'2022-01-17',6,7),(282,'2022-01-17',6,3),(283,'2022-01-17',6,2),(284,'2022-01-17',5,37),(285,'2022-01-17',5,13),(286,'2022-01-17',5,11),(287,'2022-01-17',5,3),(288,'2022-01-17',5,2),(289,'2022-01-17',5,1),(290,'2022-01-17',4,3),(291,'2022-01-17',4,2),(292,'2022-01-17',3,7),(293,'2022-01-17',3,3),(294,'2022-01-17',3,2),(295,'2022-01-17',2,11),(296,'2022-01-17',2,7),(297,'2022-01-17',1,7),(298,'2022-01-17',1,3),(299,'2022-01-17',1,2),(300,'2022-01-17',1,1),(301,'2022-01-19',21,3),(302,'2022-01-19',19,59),(303,'2022-01-19',19,7),(304,'2022-01-19',17,11),(305,'2022-01-19',17,7),(306,'2022-01-19',17,3),(307,'2022-01-19',17,2),(308,'2022-01-19',15,31),(309,'2022-01-19',15,13),(310,'2022-01-19',15,3),(311,'2022-01-19',14,41),(312,'2022-01-19',14,2),(313,'2022-01-19',14,1),(314,'2022-01-19',13,3),(315,'2022-01-19',13,2),(316,'2022-01-19',11,13),(317,'2022-01-19',11,7),(318,'2022-01-19',10,5),(319,'2022-01-19',10,3),(320,'2022-01-19',10,2),(321,'2022-01-19',10,1),(322,'2022-01-19',9,13),(323,'2022-01-19',9,7),(324,'2022-01-19',9,3),(325,'2022-01-19',8,3),(326,'2022-01-19',8,2),(327,'2022-01-19',8,1),(328,'2022-01-19',7,37),(329,'2022-01-19',7,3),(330,'2022-01-19',7,2),(331,'2022-01-19',6,7),(332,'2022-01-19',6,3),(333,'2022-01-19',6,2),(334,'2022-01-19',5,37),(335,'2022-01-19',5,13),(336,'2022-01-19',5,11),(337,'2022-01-19',5,3),(338,'2022-01-19',5,2),(339,'2022-01-19',5,1),(340,'2022-01-19',4,3),(341,'2022-01-19',4,2),(342,'2022-01-19',3,7),(343,'2022-01-19',3,3),(344,'2022-01-19',3,2),(345,'2022-01-19',2,11),(346,'2022-01-19',2,7),(347,'2022-01-19',1,7),(348,'2022-01-19',1,3),(349,'2022-01-19',1,2),(350,'2022-01-19',1,1),(351,'2022-01-31',21,3),(352,'2022-01-31',19,59),(353,'2022-01-31',19,7),(354,'2022-01-31',17,11),(355,'2022-01-31',17,7),(356,'2022-01-31',17,3),(357,'2022-01-31',17,2),(358,'2022-01-31',15,31),(359,'2022-01-31',15,13),(360,'2022-01-31',15,3),(361,'2022-01-31',14,41),(362,'2022-01-31',14,2),(363,'2022-01-31',14,1),(364,'2022-01-31',13,3),(365,'2022-01-31',13,2),(366,'2022-01-31',11,13),(367,'2022-01-31',11,7),(368,'2022-01-31',10,5),(369,'2022-01-31',10,3),(370,'2022-01-31',10,2),(371,'2022-01-31',10,1),(372,'2022-01-31',9,13),(373,'2022-01-31',9,7),(374,'2022-01-31',9,3),(375,'2022-01-31',8,3),(376,'2022-01-31',8,2),(377,'2022-01-31',8,1),(378,'2022-01-31',7,37),(379,'2022-01-31',7,3),(380,'2022-01-31',7,2),(381,'2022-01-31',6,7),(382,'2022-01-31',6,3),(383,'2022-01-31',6,2),(384,'2022-01-31',5,37),(385,'2022-01-31',5,13),(386,'2022-01-31',5,11),(387,'2022-01-31',5,3),(388,'2022-01-31',5,2),(389,'2022-01-31',5,1),(390,'2022-01-31',4,3),(391,'2022-01-31',4,2),(392,'2022-01-31',3,7),(393,'2022-01-31',3,3),(394,'2022-01-31',3,2),(395,'2022-01-31',2,11),(396,'2022-01-31',2,7),(397,'2022-01-31',1,7),(398,'2022-01-31',1,3),(399,'2022-01-31',1,2),(400,'2022-01-31',1,1),(401,'2022-02-10',21,3),(402,'2022-02-10',19,59),(403,'2022-02-10',19,7),(404,'2022-02-10',17,11),(405,'2022-02-10',17,7),(406,'2022-02-10',17,3),(407,'2022-02-10',17,2),(408,'2022-02-10',15,31),(409,'2022-02-10',15,13),(410,'2022-02-10',15,3),(411,'2022-02-10',14,41),(412,'2022-02-10',14,2),(413,'2022-02-10',14,1),(414,'2022-02-10',13,3),(415,'2022-02-10',13,2),(416,'2022-02-10',11,13),(417,'2022-02-10',11,7),(418,'2022-02-10',10,5),(419,'2022-02-10',10,3),(420,'2022-02-10',10,2),(421,'2022-02-10',10,1),(422,'2022-02-10',9,13),(423,'2022-02-10',9,7),(424,'2022-02-10',9,3),(425,'2022-02-10',8,3),(426,'2022-02-10',8,2),(427,'2022-02-10',8,1),(428,'2022-02-10',7,37),(429,'2022-02-10',7,3),(430,'2022-02-10',7,2),(431,'2022-02-10',6,7),(432,'2022-02-10',6,3),(433,'2022-02-10',6,2),(434,'2022-02-10',5,37),(435,'2022-02-10',5,13),(436,'2022-02-10',5,11),(437,'2022-02-10',5,3),(438,'2022-02-10',5,2),(439,'2022-02-10',5,1),(440,'2022-02-10',4,3),(441,'2022-02-10',4,2),(442,'2022-02-10',3,7),(443,'2022-02-10',3,3),(444,'2022-02-10',3,2),(445,'2022-02-10',2,11),(446,'2022-02-10',2,7),(447,'2022-02-10',1,7),(448,'2022-02-10',1,3),(449,'2022-02-10',1,2),(450,'2022-02-10',1,1),(451,'2022-02-16',21,3),(452,'2022-02-16',19,59),(453,'2022-02-16',19,7),(454,'2022-02-16',17,11),(455,'2022-02-16',17,7),(456,'2022-02-16',17,3),(457,'2022-02-16',17,2),(458,'2022-02-16',15,31),(459,'2022-02-16',15,13),(460,'2022-02-16',15,3),(461,'2022-02-16',14,41),(462,'2022-02-16',14,2),(463,'2022-02-16',14,1),(464,'2022-02-16',13,3),(465,'2022-02-16',13,2),(466,'2022-02-16',11,13),(467,'2022-02-16',11,7),(468,'2022-02-16',10,5),(469,'2022-02-16',10,3),(470,'2022-02-16',10,2),(471,'2022-02-16',10,1),(472,'2022-02-16',9,13),(473,'2022-02-16',9,7),(474,'2022-02-16',9,3),(475,'2022-02-16',8,3),(476,'2022-02-16',8,2),(477,'2022-02-16',8,1),(478,'2022-02-16',7,37),(479,'2022-02-16',7,3),(480,'2022-02-16',7,2),(481,'2022-02-16',6,7),(482,'2022-02-16',6,3),(483,'2022-02-16',6,2),(484,'2022-02-16',5,37),(485,'2022-02-16',5,13),(486,'2022-02-16',5,11),(487,'2022-02-16',5,3),(488,'2022-02-16',5,2),(489,'2022-02-16',5,1),(490,'2022-02-16',4,3),(491,'2022-02-16',4,2),(492,'2022-02-16',3,7),(493,'2022-02-16',3,3),(494,'2022-02-16',3,2),(495,'2022-02-16',2,11),(496,'2022-02-16',2,7),(497,'2022-02-16',1,7),(498,'2022-02-16',1,3),(499,'2022-02-16',1,2),(500,'2022-02-16',1,1),(501,'2022-02-22',21,3),(502,'2022-02-22',19,59),(503,'2022-02-22',19,7),(504,'2022-02-22',17,11),(505,'2022-02-22',17,7),(506,'2022-02-22',17,3),(507,'2022-02-22',17,2),(508,'2022-02-22',15,31),(509,'2022-02-22',15,13),(510,'2022-02-22',15,3),(511,'2022-02-22',14,41),(512,'2022-02-22',14,2),(513,'2022-02-22',14,1),(514,'2022-02-22',13,3),(515,'2022-02-22',13,2),(516,'2022-02-22',11,13),(517,'2022-02-22',11,7),(518,'2022-02-22',10,5),(519,'2022-02-22',10,3),(520,'2022-02-22',10,2),(521,'2022-02-22',10,1),(522,'2022-02-22',9,13),(523,'2022-02-22',9,7),(524,'2022-02-22',9,3),(525,'2022-02-22',8,3),(526,'2022-02-22',8,2),(527,'2022-02-22',8,1),(528,'2022-02-22',7,37),(529,'2022-02-22',7,3),(530,'2022-02-22',7,2),(531,'2022-02-22',6,7),(532,'2022-02-22',6,3),(533,'2022-02-22',6,2),(534,'2022-02-22',5,37),(535,'2022-02-22',5,13),(536,'2022-02-22',5,11),(537,'2022-02-22',5,3),(538,'2022-02-22',5,2),(539,'2022-02-22',5,1),(540,'2022-02-22',4,3),(541,'2022-02-22',4,2),(542,'2022-02-22',3,7),(543,'2022-02-22',3,3),(544,'2022-02-22',3,2),(545,'2022-02-22',2,11),(546,'2022-02-22',2,7),(547,'2022-02-22',1,7),(548,'2022-02-22',1,3),(549,'2022-02-22',1,2),(550,'2022-02-22',1,1),(551,'2022-02-28',21,3),(552,'2022-02-28',19,59),(553,'2022-02-28',19,7),(554,'2022-02-28',17,11),(555,'2022-02-28',17,7),(556,'2022-02-28',17,3),(557,'2022-02-28',17,2),(558,'2022-02-28',15,31),(559,'2022-02-28',15,13),(560,'2022-02-28',15,3),(561,'2022-02-28',14,41),(562,'2022-02-28',14,2),(563,'2022-02-28',14,1),(564,'2022-02-28',13,3),(565,'2022-02-28',13,2),(566,'2022-02-28',11,13),(567,'2022-02-28',11,7),(568,'2022-02-28',10,5),(569,'2022-02-28',10,3),(570,'2022-02-28',10,2),(571,'2022-02-28',10,1),(572,'2022-02-28',9,13),(573,'2022-02-28',9,7),(574,'2022-02-28',9,3),(575,'2022-02-28',8,3),(576,'2022-02-28',8,2),(577,'2022-02-28',8,1),(578,'2022-02-28',7,37),(579,'2022-02-28',7,3),(580,'2022-02-28',7,2),(581,'2022-02-28',6,7),(582,'2022-02-28',6,3),(583,'2022-02-28',6,2),(584,'2022-02-28',5,37),(585,'2022-02-28',5,13),(586,'2022-02-28',5,11),(587,'2022-02-28',5,3),(588,'2022-02-28',5,2),(589,'2022-02-28',5,1),(590,'2022-02-28',4,3),(591,'2022-02-28',4,2),(592,'2022-02-28',3,7),(593,'2022-02-28',3,3),(594,'2022-02-28',3,2),(595,'2022-02-28',2,11),(596,'2022-02-28',2,7),(597,'2022-02-28',1,7),(598,'2022-02-28',1,3),(599,'2022-02-28',1,2),(600,'2022-02-28',1,1),(601,'2022-03-02',21,3),(602,'2022-03-02',19,59),(603,'2022-03-02',19,7),(604,'2022-03-02',17,11),(605,'2022-03-02',17,7),(606,'2022-03-02',17,3),(607,'2022-03-02',17,2),(608,'2022-03-02',15,31),(609,'2022-03-02',15,13),(610,'2022-03-02',15,3),(611,'2022-03-02',14,41),(612,'2022-03-02',14,2),(613,'2022-03-02',14,1),(614,'2022-03-02',13,3),(615,'2022-03-02',13,2),(616,'2022-03-02',11,13),(617,'2022-03-02',11,7),(618,'2022-03-02',10,5),(619,'2022-03-02',10,3),(620,'2022-03-02',10,2),(621,'2022-03-02',10,1),(622,'2022-03-02',9,13),(623,'2022-03-02',9,7),(624,'2022-03-02',9,3),(625,'2022-03-02',8,3),(626,'2022-03-02',8,2),(627,'2022-03-02',8,1),(628,'2022-03-02',7,37),(629,'2022-03-02',7,3),(630,'2022-03-02',7,2),(631,'2022-03-02',6,7),(632,'2022-03-02',6,3),(633,'2022-03-02',6,2),(634,'2022-03-02',5,37),(635,'2022-03-02',5,13),(636,'2022-03-02',5,11),(637,'2022-03-02',5,3),(638,'2022-03-02',5,2),(639,'2022-03-02',5,1),(640,'2022-03-02',4,3),(641,'2022-03-02',4,2),(642,'2022-03-02',3,7),(643,'2022-03-02',3,3),(644,'2022-03-02',3,2),(645,'2022-03-02',2,11),(646,'2022-03-02',2,7),(647,'2022-03-02',1,7),(648,'2022-03-02',1,3),(649,'2022-03-02',1,2),(650,'2022-03-02',1,1),(651,'2022-03-08',21,3),(652,'2022-03-08',19,59),(653,'2022-03-08',19,7),(654,'2022-03-08',17,11),(655,'2022-03-08',17,7),(656,'2022-03-08',17,3),(657,'2022-03-08',17,2),(658,'2022-03-08',15,31),(659,'2022-03-08',15,13),(660,'2022-03-08',15,3),(661,'2022-03-08',14,41),(662,'2022-03-08',14,2),(663,'2022-03-08',14,1),(664,'2022-03-08',13,3),(665,'2022-03-08',13,2),(666,'2022-03-08',11,13),(667,'2022-03-08',11,7),(668,'2022-03-08',10,5),(669,'2022-03-08',10,3),(670,'2022-03-08',10,2),(671,'2022-03-08',10,1),(672,'2022-03-08',9,13),(673,'2022-03-08',9,7),(674,'2022-03-08',9,3),(675,'2022-03-08',8,3),(676,'2022-03-08',8,2),(677,'2022-03-08',8,1),(678,'2022-03-08',7,37),(679,'2022-03-08',7,3),(680,'2022-03-08',7,2),(681,'2022-03-08',6,7),(682,'2022-03-08',6,3),(683,'2022-03-08',6,2),(684,'2022-03-08',5,37),(685,'2022-03-08',5,13),(686,'2022-03-08',5,11),(687,'2022-03-08',5,3),(688,'2022-03-08',5,2),(689,'2022-03-08',5,1),(690,'2022-03-08',4,3),(691,'2022-03-08',4,2),(692,'2022-03-08',3,7),(693,'2022-03-08',3,3),(694,'2022-03-08',3,2),(695,'2022-03-08',2,11),(696,'2022-03-08',2,7),(697,'2022-03-08',1,7),(698,'2022-03-08',1,3),(699,'2022-03-08',1,2),(700,'2022-03-08',1,1),(701,'2022-03-14',21,3),(702,'2022-03-14',19,59),(703,'2022-03-14',19,7),(704,'2022-03-14',17,11),(705,'2022-03-14',17,7),(706,'2022-03-14',17,3),(707,'2022-03-14',17,2),(708,'2022-03-14',15,31),(709,'2022-03-14',15,13),(710,'2022-03-14',15,3),(711,'2022-03-14',14,41),(712,'2022-03-14',14,2),(713,'2022-03-14',14,1),(714,'2022-03-14',13,3),(715,'2022-03-14',13,2),(716,'2022-03-14',11,13),(717,'2022-03-14',11,7),(718,'2022-03-14',10,5),(719,'2022-03-14',10,3),(720,'2022-03-14',10,2),(721,'2022-03-14',10,1),(722,'2022-03-14',9,13),(723,'2022-03-14',9,7),(724,'2022-03-14',9,3),(725,'2022-03-14',8,3),(726,'2022-03-14',8,2),(727,'2022-03-14',8,1),(728,'2022-03-14',7,37),(729,'2022-03-14',7,3),(730,'2022-03-14',7,2),(731,'2022-03-14',6,7),(732,'2022-03-14',6,3),(733,'2022-03-14',6,2),(734,'2022-03-14',5,37),(735,'2022-03-14',5,13),(736,'2022-03-14',5,11),(737,'2022-03-14',5,3),(738,'2022-03-14',5,2),(739,'2022-03-14',5,1),(740,'2022-03-14',4,3),(741,'2022-03-14',4,2),(742,'2022-03-14',3,7),(743,'2022-03-14',3,3),(744,'2022-03-14',3,2),(745,'2022-03-14',2,11),(746,'2022-03-14',2,7),(747,'2022-03-14',1,7),(748,'2022-03-14',1,3),(749,'2022-03-14',1,2),(750,'2022-03-14',1,1),(751,'2022-03-24',21,3),(752,'2022-03-24',19,59),(753,'2022-03-24',19,7),(754,'2022-03-24',17,11),(755,'2022-03-24',17,7),(756,'2022-03-24',17,3),(757,'2022-03-24',17,2),(758,'2022-03-24',15,31),(759,'2022-03-24',15,13),(760,'2022-03-24',15,3),(761,'2022-03-24',14,41),(762,'2022-03-24',14,2),(763,'2022-03-24',14,1),(764,'2022-03-24',13,3),(765,'2022-03-24',13,2),(766,'2022-03-24',11,13),(767,'2022-03-24',11,7),(768,'2022-03-24',10,5),(769,'2022-03-24',10,3),(770,'2022-03-24',10,2),(771,'2022-03-24',10,1),(772,'2022-03-24',9,13),(773,'2022-03-24',9,7),(774,'2022-03-24',9,3),(775,'2022-03-24',8,3),(776,'2022-03-24',8,2),(777,'2022-03-24',8,1),(778,'2022-03-24',7,37),(779,'2022-03-24',7,3),(780,'2022-03-24',7,2),(781,'2022-03-24',6,7),(782,'2022-03-24',6,3),(783,'2022-03-24',6,2),(784,'2022-03-24',5,37),(785,'2022-03-24',5,13),(786,'2022-03-24',5,11),(787,'2022-03-24',5,3),(788,'2022-03-24',5,2),(789,'2022-03-24',5,1),(790,'2022-03-24',4,3),(791,'2022-03-24',4,2),(792,'2022-03-24',3,7),(793,'2022-03-24',3,3),(794,'2022-03-24',3,2),(795,'2022-03-24',2,11),(796,'2022-03-24',2,7),(797,'2022-03-24',1,7),(798,'2022-03-24',1,3),(799,'2022-03-24',1,2),(800,'2022-03-24',1,1),(801,'2022-03-30',21,3),(802,'2022-03-30',19,59),(803,'2022-03-30',19,7),(804,'2022-03-30',17,11),(805,'2022-03-30',17,7),(806,'2022-03-30',17,3),(807,'2022-03-30',17,2),(808,'2022-03-30',15,31),(809,'2022-03-30',15,13),(810,'2022-03-30',15,3),(811,'2022-03-30',14,41),(812,'2022-03-30',14,2),(813,'2022-03-30',14,1),(814,'2022-03-30',13,3),(815,'2022-03-30',13,2),(816,'2022-03-30',11,13),(817,'2022-03-30',11,7),(818,'2022-03-30',10,5),(819,'2022-03-30',10,3),(820,'2022-03-30',10,2),(821,'2022-03-30',10,1),(822,'2022-03-30',9,13),(823,'2022-03-30',9,7),(824,'2022-03-30',9,3),(825,'2022-03-30',8,3),(826,'2022-03-30',8,2),(827,'2022-03-30',8,1),(828,'2022-03-30',7,37),(829,'2022-03-30',7,3),(830,'2022-03-30',7,2),(831,'2022-03-30',6,7),(832,'2022-03-30',6,3),(833,'2022-03-30',6,2),(834,'2022-03-30',5,37),(835,'2022-03-30',5,13),(836,'2022-03-30',5,11),(837,'2022-03-30',5,3),(838,'2022-03-30',5,2),(839,'2022-03-30',5,1),(840,'2022-03-30',4,3),(841,'2022-03-30',4,2),(842,'2022-03-30',3,7),(843,'2022-03-30',3,3),(844,'2022-03-30',3,2),(845,'2022-03-30',2,11),(846,'2022-03-30',2,7),(847,'2022-03-30',1,7),(848,'2022-03-30',1,3),(849,'2022-03-30',1,2),(850,'2022-03-30',1,1),(851,'2022-04-07',21,3),(852,'2022-04-07',19,59),(853,'2022-04-07',19,7),(854,'2022-04-07',17,11),(855,'2022-04-07',17,7),(856,'2022-04-07',17,3),(857,'2022-04-07',17,2),(858,'2022-04-07',15,31),(859,'2022-04-07',15,13),(860,'2022-04-07',15,3),(861,'2022-04-07',14,41),(862,'2022-04-07',14,2),(863,'2022-04-07',14,1),(864,'2022-04-07',13,3),(865,'2022-04-07',13,2),(866,'2022-04-07',11,13),(867,'2022-04-07',11,7),(868,'2022-04-07',10,5),(869,'2022-04-07',10,3),(870,'2022-04-07',10,2),(871,'2022-04-07',10,1),(872,'2022-04-07',9,13),(873,'2022-04-07',9,7),(874,'2022-04-07',9,3),(875,'2022-04-07',8,3),(876,'2022-04-07',8,2),(877,'2022-04-07',8,1),(878,'2022-04-07',7,37),(879,'2022-04-07',7,3),(880,'2022-04-07',7,2),(881,'2022-04-07',6,7),(882,'2022-04-07',6,3),(883,'2022-04-07',6,2),(884,'2022-04-07',5,37),(885,'2022-04-07',5,13),(886,'2022-04-07',5,11),(887,'2022-04-07',5,3),(888,'2022-04-07',5,2),(889,'2022-04-07',5,1),(890,'2022-04-07',4,3),(891,'2022-04-07',4,2),(892,'2022-04-07',3,7),(893,'2022-04-07',3,3),(894,'2022-04-07',3,2),(895,'2022-04-07',2,11),(896,'2022-04-07',2,7),(897,'2022-04-07',1,7),(898,'2022-04-07',1,3),(899,'2022-04-07',1,2),(900,'2022-04-07',1,1),(901,'2022-04-11',21,3),(902,'2022-04-11',19,59),(903,'2022-04-11',19,7),(904,'2022-04-11',17,11),(905,'2022-04-11',17,7),(906,'2022-04-11',17,3),(907,'2022-04-11',17,2),(908,'2022-04-11',15,31),(909,'2022-04-11',15,13),(910,'2022-04-11',15,3),(911,'2022-04-11',14,41),(912,'2022-04-11',14,2),(913,'2022-04-11',14,1),(914,'2022-04-11',13,3),(915,'2022-04-11',13,2),(916,'2022-04-11',11,13),(917,'2022-04-11',11,7),(918,'2022-04-11',10,5),(919,'2022-04-11',10,3),(920,'2022-04-11',10,2),(921,'2022-04-11',10,1),(922,'2022-04-11',9,13),(923,'2022-04-11',9,7),(924,'2022-04-11',9,3),(925,'2022-04-11',8,3),(926,'2022-04-11',8,2),(927,'2022-04-11',8,1),(928,'2022-04-11',7,37),(929,'2022-04-11',7,3),(930,'2022-04-11',7,2),(931,'2022-04-11',6,7),(932,'2022-04-11',6,3),(933,'2022-04-11',6,2),(934,'2022-04-11',5,37),(935,'2022-04-11',5,13),(936,'2022-04-11',5,11),(937,'2022-04-11',5,3),(938,'2022-04-11',5,2),(939,'2022-04-11',5,1),(940,'2022-04-11',4,3),(941,'2022-04-11',4,2),(942,'2022-04-11',3,7),(943,'2022-04-11',3,3),(944,'2022-04-11',3,2),(945,'2022-04-11',2,11),(946,'2022-04-11',2,7),(947,'2022-04-11',1,7),(948,'2022-04-11',1,3),(949,'2022-04-11',1,2),(950,'2022-04-11',1,1),(951,'2022-04-13',21,3),(952,'2022-04-13',19,59),(953,'2022-04-13',19,7),(954,'2022-04-13',17,11),(955,'2022-04-13',17,7),(956,'2022-04-13',17,3),(957,'2022-04-13',17,2),(958,'2022-04-13',15,31),(959,'2022-04-13',15,13),(960,'2022-04-13',15,3),(961,'2022-04-13',14,41),(962,'2022-04-13',14,2),(963,'2022-04-13',14,1),(964,'2022-04-13',13,3),(965,'2022-04-13',13,2),(966,'2022-04-13',11,13),(967,'2022-04-13',11,7),(968,'2022-04-13',10,5),(969,'2022-04-13',10,3),(970,'2022-04-13',10,2),(971,'2022-04-13',10,1),(972,'2022-04-13',9,13),(973,'2022-04-13',9,7),(974,'2022-04-13',9,3),(975,'2022-04-13',8,3),(976,'2022-04-13',8,2),(977,'2022-04-13',8,1),(978,'2022-04-13',7,37),(979,'2022-04-13',7,3),(980,'2022-04-13',7,2),(981,'2022-04-13',6,7),(982,'2022-04-13',6,3),(983,'2022-04-13',6,2),(984,'2022-04-13',5,37),(985,'2022-04-13',5,13),(986,'2022-04-13',5,11),(987,'2022-04-13',5,3),(988,'2022-04-13',5,2),(989,'2022-04-13',5,1),(990,'2022-04-13',4,3),(991,'2022-04-13',4,2),(992,'2022-04-13',3,7),(993,'2022-04-13',3,3),(994,'2022-04-13',3,2),(995,'2022-04-13',2,11),(996,'2022-04-13',2,7),(997,'2022-04-13',1,7),(998,'2022-04-13',1,3),(999,'2022-04-13',1,2),(1000,'2022-04-13',1,1),(1001,'2022-04-19',21,3),(1002,'2022-04-19',19,59),(1003,'2022-04-19',19,7),(1004,'2022-04-19',17,11),(1005,'2022-04-19',17,7),(1006,'2022-04-19',17,3),(1007,'2022-04-19',17,2),(1008,'2022-04-19',15,31),(1009,'2022-04-19',15,13),(1010,'2022-04-19',15,3),(1011,'2022-04-19',14,41),(1012,'2022-04-19',14,2),(1013,'2022-04-19',14,1),(1014,'2022-04-19',13,3),(1015,'2022-04-19',13,2),(1016,'2022-04-19',11,13),(1017,'2022-04-19',11,7),(1018,'2022-04-19',10,5),(1019,'2022-04-19',10,3),(1020,'2022-04-19',10,2),(1021,'2022-04-19',10,1),(1022,'2022-04-19',9,13),(1023,'2022-04-19',9,7),(1024,'2022-04-19',9,3),(1025,'2022-04-19',8,3),(1026,'2022-04-19',8,2),(1027,'2022-04-19',8,1),(1028,'2022-04-19',7,37),(1029,'2022-04-19',7,3),(1030,'2022-04-19',7,2),(1031,'2022-04-19',6,7),(1032,'2022-04-19',6,3),(1033,'2022-04-19',6,2),(1034,'2022-04-19',5,37),(1035,'2022-04-19',5,13),(1036,'2022-04-19',5,11),(1037,'2022-04-19',5,3),(1038,'2022-04-19',5,2),(1039,'2022-04-19',5,1),(1040,'2022-04-19',4,3),(1041,'2022-04-19',4,2),(1042,'2022-04-19',3,7),(1043,'2022-04-19',3,3),(1044,'2022-04-19',3,2),(1045,'2022-04-19',2,11),(1046,'2022-04-19',2,7),(1047,'2022-04-19',1,7),(1048,'2022-04-19',1,3),(1049,'2022-04-19',1,2),(1050,'2022-04-19',1,1),(1051,'2022-05-11',21,3),(1052,'2022-05-11',19,59),(1053,'2022-05-11',19,7),(1054,'2022-05-11',17,11),(1055,'2022-05-11',17,7),(1056,'2022-05-11',17,3),(1057,'2022-05-11',17,2),(1058,'2022-05-11',15,31),(1059,'2022-05-11',15,13),(1060,'2022-05-11',15,3),(1061,'2022-05-11',14,41),(1062,'2022-05-11',14,2),(1063,'2022-05-11',14,1),(1064,'2022-05-11',13,3),(1065,'2022-05-11',13,2),(1066,'2022-05-11',11,13),(1067,'2022-05-11',11,7),(1068,'2022-05-11',10,5),(1069,'2022-05-11',10,3),(1070,'2022-05-11',10,2),(1071,'2022-05-11',10,1),(1072,'2022-05-11',9,13),(1073,'2022-05-11',9,7),(1074,'2022-05-11',9,3),(1075,'2022-05-11',8,3),(1076,'2022-05-11',8,2),(1077,'2022-05-11',8,1),(1078,'2022-05-11',7,37),(1079,'2022-05-11',7,3),(1080,'2022-05-11',7,2),(1081,'2022-05-11',6,7),(1082,'2022-05-11',6,3),(1083,'2022-05-11',6,2),(1084,'2022-05-11',5,37),(1085,'2022-05-11',5,13),(1086,'2022-05-11',5,11),(1087,'2022-05-11',5,3),(1088,'2022-05-11',5,2),(1089,'2022-05-11',5,1),(1090,'2022-05-11',4,3),(1091,'2022-05-11',4,2),(1092,'2022-05-11',3,7),(1093,'2022-05-11',3,3),(1094,'2022-05-11',3,2),(1095,'2022-05-11',2,11),(1096,'2022-05-11',2,7),(1097,'2022-05-11',1,7),(1098,'2022-05-11',1,3),(1099,'2022-05-11',1,2),(1100,'2022-05-11',1,1),(1101,'2022-05-17',21,3),(1102,'2022-05-17',19,59),(1103,'2022-05-17',19,7),(1104,'2022-05-17',17,11),(1105,'2022-05-17',17,7),(1106,'2022-05-17',17,3),(1107,'2022-05-17',17,2),(1108,'2022-05-17',15,31),(1109,'2022-05-17',15,13),(1110,'2022-05-17',15,3),(1111,'2022-05-17',14,41),(1112,'2022-05-17',14,2),(1113,'2022-05-17',14,1),(1114,'2022-05-17',13,3),(1115,'2022-05-17',13,2),(1116,'2022-05-17',11,13),(1117,'2022-05-17',11,7),(1118,'2022-05-17',10,5),(1119,'2022-05-17',10,3),(1120,'2022-05-17',10,2),(1121,'2022-05-17',10,1),(1122,'2022-05-17',9,13),(1123,'2022-05-17',9,7),(1124,'2022-05-17',9,3),(1125,'2022-05-17',8,3),(1126,'2022-05-17',8,2),(1127,'2022-05-17',8,1),(1128,'2022-05-17',7,37),(1129,'2022-05-17',7,3),(1130,'2022-05-17',7,2),(1131,'2022-05-17',6,7),(1132,'2022-05-17',6,3),(1133,'2022-05-17',6,2),(1134,'2022-05-17',5,37),(1135,'2022-05-17',5,13),(1136,'2022-05-17',5,11),(1137,'2022-05-17',5,3),(1138,'2022-05-17',5,2),(1139,'2022-05-17',5,1),(1140,'2022-05-17',4,3),(1141,'2022-05-17',4,2),(1142,'2022-05-17',3,7),(1143,'2022-05-17',3,3),(1144,'2022-05-17',3,2),(1145,'2022-05-17',2,11),(1146,'2022-05-17',2,7),(1147,'2022-05-17',1,7),(1148,'2022-05-17',1,3),(1149,'2022-05-17',1,2),(1150,'2022-05-17',1,1),(1151,'2022-05-19',21,3),(1152,'2022-05-19',19,59),(1153,'2022-05-19',19,7),(1154,'2022-05-19',17,11),(1155,'2022-05-19',17,7),(1156,'2022-05-19',17,3),(1157,'2022-05-19',17,2),(1158,'2022-05-19',15,31),(1159,'2022-05-19',15,13),(1160,'2022-05-19',15,3),(1161,'2022-05-19',14,41),(1162,'2022-05-19',14,2),(1163,'2022-05-19',14,1),(1164,'2022-05-19',13,3),(1165,'2022-05-19',13,2),(1166,'2022-05-19',11,13),(1167,'2022-05-19',11,7),(1168,'2022-05-19',10,5),(1169,'2022-05-19',10,3),(1170,'2022-05-19',10,2),(1171,'2022-05-19',10,1),(1172,'2022-05-19',9,13),(1173,'2022-05-19',9,7),(1174,'2022-05-19',9,3),(1175,'2022-05-19',8,3),(1176,'2022-05-19',8,2),(1177,'2022-05-19',8,1),(1178,'2022-05-19',7,37),(1179,'2022-05-19',7,3),(1180,'2022-05-19',7,2),(1181,'2022-05-19',6,7),(1182,'2022-05-19',6,3),(1183,'2022-05-19',6,2),(1184,'2022-05-19',5,37),(1185,'2022-05-19',5,13),(1186,'2022-05-19',5,11),(1187,'2022-05-19',5,3),(1188,'2022-05-19',5,2),(1189,'2022-05-19',5,1),(1190,'2022-05-19',4,3),(1191,'2022-05-19',4,2),(1192,'2022-05-19',3,7),(1193,'2022-05-19',3,3),(1194,'2022-05-19',3,2),(1195,'2022-05-19',2,11),(1196,'2022-05-19',2,7),(1197,'2022-05-19',1,7),(1198,'2022-05-19',1,3),(1199,'2022-05-19',1,2),(1200,'2022-05-19',1,1),(1201,'2022-05-31',21,3),(1202,'2022-05-31',19,59),(1203,'2022-05-31',19,7),(1204,'2022-05-31',17,11),(1205,'2022-05-31',17,7),(1206,'2022-05-31',17,3),(1207,'2022-05-31',17,2),(1208,'2022-05-31',15,31),(1209,'2022-05-31',15,13),(1210,'2022-05-31',15,3),(1211,'2022-05-31',14,41),(1212,'2022-05-31',14,2),(1213,'2022-05-31',14,1),(1214,'2022-05-31',13,3),(1215,'2022-05-31',13,2),(1216,'2022-05-31',11,13),(1217,'2022-05-31',11,7),(1218,'2022-05-31',10,5),(1219,'2022-05-31',10,3),(1220,'2022-05-31',10,2),(1221,'2022-05-31',10,1),(1222,'2022-05-31',9,13),(1223,'2022-05-31',9,7),(1224,'2022-05-31',9,3),(1225,'2022-05-31',8,3),(1226,'2022-05-31',8,2),(1227,'2022-05-31',8,1),(1228,'2022-05-31',7,37),(1229,'2022-05-31',7,3),(1230,'2022-05-31',7,2),(1231,'2022-05-31',6,7),(1232,'2022-05-31',6,3),(1233,'2022-05-31',6,2),(1234,'2022-05-31',5,37),(1235,'2022-05-31',5,13),(1236,'2022-05-31',5,11),(1237,'2022-05-31',5,3),(1238,'2022-05-31',5,2),(1239,'2022-05-31',5,1),(1240,'2022-05-31',4,3),(1241,'2022-05-31',4,2),(1242,'2022-05-31',3,7),(1243,'2022-05-31',3,3),(1244,'2022-05-31',3,2),(1245,'2022-05-31',2,11),(1246,'2022-05-31',2,7),(1247,'2022-05-31',1,7),(1248,'2022-05-31',1,3),(1249,'2022-05-31',1,2),(1250,'2022-05-31',1,1),(1251,'2022-06-06',21,3),(1252,'2022-06-06',19,59),(1253,'2022-06-06',19,7),(1254,'2022-06-06',17,11),(1255,'2022-06-06',17,7),(1256,'2022-06-06',17,3),(1257,'2022-06-06',17,2),(1258,'2022-06-06',15,31),(1259,'2022-06-06',15,13),(1260,'2022-06-06',15,3),(1261,'2022-06-06',14,41),(1262,'2022-06-06',14,2),(1263,'2022-06-06',14,1),(1264,'2022-06-06',13,3),(1265,'2022-06-06',13,2),(1266,'2022-06-06',11,13),(1267,'2022-06-06',11,7),(1268,'2022-06-06',10,5),(1269,'2022-06-06',10,3),(1270,'2022-06-06',10,2),(1271,'2022-06-06',10,1),(1272,'2022-06-06',9,13),(1273,'2022-06-06',9,7),(1274,'2022-06-06',9,3),(1275,'2022-06-06',8,3),(1276,'2022-06-06',8,2),(1277,'2022-06-06',8,1),(1278,'2022-06-06',7,37),(1279,'2022-06-06',7,3),(1280,'2022-06-06',7,2),(1281,'2022-06-06',6,7),(1282,'2022-06-06',6,3),(1283,'2022-06-06',6,2),(1284,'2022-06-06',5,37),(1285,'2022-06-06',5,13),(1286,'2022-06-06',5,11),(1287,'2022-06-06',5,3),(1288,'2022-06-06',5,2),(1289,'2022-06-06',5,1),(1290,'2022-06-06',4,3),(1291,'2022-06-06',4,2),(1292,'2022-06-06',3,7),(1293,'2022-06-06',3,3),(1294,'2022-06-06',3,2),(1295,'2022-06-06',2,11),(1296,'2022-06-06',2,7),(1297,'2022-06-06',1,7),(1298,'2022-06-06',1,3),(1299,'2022-06-06',1,2),(1300,'2022-06-06',1,1),(1301,'2022-06-16',21,3),(1302,'2022-06-16',19,59),(1303,'2022-06-16',19,7),(1304,'2022-06-16',17,11),(1305,'2022-06-16',17,7),(1306,'2022-06-16',17,3),(1307,'2022-06-16',17,2),(1308,'2022-06-16',15,31),(1309,'2022-06-16',15,13),(1310,'2022-06-16',15,3),(1311,'2022-06-16',14,41),(1312,'2022-06-16',14,2),(1313,'2022-06-16',14,1),(1314,'2022-06-16',13,3),(1315,'2022-06-16',13,2),(1316,'2022-06-16',11,13),(1317,'2022-06-16',11,7),(1318,'2022-06-16',10,5),(1319,'2022-06-16',10,3),(1320,'2022-06-16',10,2),(1321,'2022-06-16',10,1),(1322,'2022-06-16',9,13),(1323,'2022-06-16',9,7),(1324,'2022-06-16',9,3),(1325,'2022-06-16',8,3),(1326,'2022-06-16',8,2),(1327,'2022-06-16',8,1),(1328,'2022-06-16',7,37),(1329,'2022-06-16',7,3),(1330,'2022-06-16',7,2),(1331,'2022-06-16',6,7),(1332,'2022-06-16',6,3),(1333,'2022-06-16',6,2),(1334,'2022-06-16',5,37),(1335,'2022-06-16',5,13),(1336,'2022-06-16',5,11),(1337,'2022-06-16',5,3),(1338,'2022-06-16',5,2),(1339,'2022-06-16',5,1),(1340,'2022-06-16',4,3),(1341,'2022-06-16',4,2),(1342,'2022-06-16',3,7),(1343,'2022-06-16',3,3),(1344,'2022-06-16',3,2),(1345,'2022-06-16',2,11),(1346,'2022-06-16',2,7),(1347,'2022-06-16',1,7),(1348,'2022-06-16',1,3),(1349,'2022-06-16',1,2),(1350,'2022-06-16',1,1),(1351,'2022-06-22',21,3),(1352,'2022-06-22',19,59),(1353,'2022-06-22',19,7),(1354,'2022-06-22',17,11),(1355,'2022-06-22',17,7),(1356,'2022-06-22',17,3),(1357,'2022-06-22',17,2),(1358,'2022-06-22',15,31),(1359,'2022-06-22',15,13),(1360,'2022-06-22',15,3),(1361,'2022-06-22',14,41),(1362,'2022-06-22',14,2),(1363,'2022-06-22',14,1),(1364,'2022-06-22',13,3),(1365,'2022-06-22',13,2),(1366,'2022-06-22',11,13),(1367,'2022-06-22',11,7),(1368,'2022-06-22',10,5),(1369,'2022-06-22',10,3),(1370,'2022-06-22',10,2),(1371,'2022-06-22',10,1),(1372,'2022-06-22',9,13),(1373,'2022-06-22',9,7),(1374,'2022-06-22',9,3),(1375,'2022-06-22',8,3),(1376,'2022-06-22',8,2),(1377,'2022-06-22',8,1),(1378,'2022-06-22',7,37),(1379,'2022-06-22',7,3),(1380,'2022-06-22',7,2),(1381,'2022-06-22',6,7),(1382,'2022-06-22',6,3),(1383,'2022-06-22',6,2),(1384,'2022-06-22',5,37),(1385,'2022-06-22',5,13),(1386,'2022-06-22',5,11),(1387,'2022-06-22',5,3),(1388,'2022-06-22',5,2),(1389,'2022-06-22',5,1),(1390,'2022-06-22',4,3),(1391,'2022-06-22',4,2),(1392,'2022-06-22',3,7),(1393,'2022-06-22',3,3),(1394,'2022-06-22',3,2),(1395,'2022-06-22',2,11),(1396,'2022-06-22',2,7),(1397,'2022-06-22',1,7),(1398,'2022-06-22',1,3),(1399,'2022-06-22',1,2),(1400,'2022-06-22',1,1),(1401,'2022-06-28',21,3),(1402,'2022-06-28',19,59),(1403,'2022-06-28',19,7),(1404,'2022-06-28',17,11),(1405,'2022-06-28',17,7),(1406,'2022-06-28',17,3),(1407,'2022-06-28',17,2),(1408,'2022-06-28',15,31),(1409,'2022-06-28',15,13),(1410,'2022-06-28',15,3),(1411,'2022-06-28',14,41),(1412,'2022-06-28',14,2),(1413,'2022-06-28',14,1),(1414,'2022-06-28',13,3),(1415,'2022-06-28',13,2),(1416,'2022-06-28',11,13),(1417,'2022-06-28',11,7),(1418,'2022-06-28',10,5),(1419,'2022-06-28',10,3),(1420,'2022-06-28',10,2),(1421,'2022-06-28',10,1),(1422,'2022-06-28',9,13),(1423,'2022-06-28',9,7),(1424,'2022-06-28',9,3),(1425,'2022-06-28',8,3),(1426,'2022-06-28',8,2),(1427,'2022-06-28',8,1),(1428,'2022-06-28',7,37),(1429,'2022-06-28',7,3),(1430,'2022-06-28',7,2),(1431,'2022-06-28',6,7),(1432,'2022-06-28',6,3),(1433,'2022-06-28',6,2),(1434,'2022-06-28',5,37),(1435,'2022-06-28',5,13),(1436,'2022-06-28',5,11),(1437,'2022-06-28',5,3),(1438,'2022-06-28',5,2),(1439,'2022-06-28',5,1),(1440,'2022-06-28',4,3),(1441,'2022-06-28',4,2),(1442,'2022-06-28',3,7),(1443,'2022-06-28',3,3),(1444,'2022-06-28',3,2),(1445,'2022-06-28',2,11),(1446,'2022-06-28',2,7),(1447,'2022-06-28',1,7),(1448,'2022-06-28',1,3),(1449,'2022-06-28',1,2),(1450,'2022-06-28',1,1),(1451,'2022-06-30',21,3),(1452,'2022-06-30',19,59),(1453,'2022-06-30',19,7),(1454,'2022-06-30',17,11),(1455,'2022-06-30',17,7),(1456,'2022-06-30',17,3),(1457,'2022-06-30',17,2),(1458,'2022-06-30',15,31),(1459,'2022-06-30',15,13),(1460,'2022-06-30',15,3),(1461,'2022-06-30',14,41),(1462,'2022-06-30',14,2),(1463,'2022-06-30',14,1),(1464,'2022-06-30',13,3),(1465,'2022-06-30',13,2),(1466,'2022-06-30',11,13),(1467,'2022-06-30',11,7),(1468,'2022-06-30',10,5),(1469,'2022-06-30',10,3),(1470,'2022-06-30',10,2),(1471,'2022-06-30',10,1),(1472,'2022-06-30',9,13),(1473,'2022-06-30',9,7),(1474,'2022-06-30',9,3),(1475,'2022-06-30',8,3),(1476,'2022-06-30',8,2),(1477,'2022-06-30',8,1),(1478,'2022-06-30',7,37),(1479,'2022-06-30',7,3),(1480,'2022-06-30',7,2),(1481,'2022-06-30',6,7),(1482,'2022-06-30',6,3),(1483,'2022-06-30',6,2),(1484,'2022-06-30',5,37),(1485,'2022-06-30',5,13),(1486,'2022-06-30',5,11),(1487,'2022-06-30',5,3),(1488,'2022-06-30',5,2),(1489,'2022-06-30',5,1),(1490,'2022-06-30',4,3),(1491,'2022-06-30',4,2),(1492,'2022-06-30',3,7),(1493,'2022-06-30',3,3),(1494,'2022-06-30',3,2),(1495,'2022-06-30',2,11),(1496,'2022-06-30',2,7),(1497,'2022-06-30',1,7),(1498,'2022-06-30',1,3),(1499,'2022-06-30',1,2),(1500,'2022-06-30',1,1),(1501,'2022-07-12',21,3),(1502,'2022-07-12',19,59),(1503,'2022-07-12',19,7),(1504,'2022-07-12',17,11),(1505,'2022-07-12',17,7),(1506,'2022-07-12',17,3),(1507,'2022-07-12',17,2),(1508,'2022-07-12',15,31),(1509,'2022-07-12',15,13),(1510,'2022-07-12',15,3),(1511,'2022-07-12',14,41),(1512,'2022-07-12',14,2),(1513,'2022-07-12',14,1),(1514,'2022-07-12',13,3),(1515,'2022-07-12',13,2),(1516,'2022-07-12',11,13),(1517,'2022-07-12',11,7),(1518,'2022-07-12',10,5),(1519,'2022-07-12',10,3),(1520,'2022-07-12',10,2),(1521,'2022-07-12',10,1),(1522,'2022-07-12',9,13),(1523,'2022-07-12',9,7),(1524,'2022-07-12',9,3),(1525,'2022-07-12',8,3),(1526,'2022-07-12',8,2),(1527,'2022-07-12',8,1),(1528,'2022-07-12',7,37),(1529,'2022-07-12',7,3),(1530,'2022-07-12',7,2),(1531,'2022-07-12',6,7),(1532,'2022-07-12',6,3),(1533,'2022-07-12',6,2),(1534,'2022-07-12',5,37),(1535,'2022-07-12',5,13),(1536,'2022-07-12',5,11),(1537,'2022-07-12',5,3),(1538,'2022-07-12',5,2),(1539,'2022-07-12',5,1),(1540,'2022-07-12',4,3),(1541,'2022-07-12',4,2),(1542,'2022-07-12',3,7),(1543,'2022-07-12',3,3),(1544,'2022-07-12',3,2),(1545,'2022-07-12',2,11),(1546,'2022-07-12',2,7),(1547,'2022-07-12',1,7),(1548,'2022-07-12',1,3),(1549,'2022-07-12',1,2),(1550,'2022-07-12',1,1),(1551,'2022-07-18',21,3),(1552,'2022-07-18',19,59),(1553,'2022-07-18',19,7),(1554,'2022-07-18',17,11),(1555,'2022-07-18',17,7),(1556,'2022-07-18',17,3),(1557,'2022-07-18',17,2),(1558,'2022-07-18',15,31),(1559,'2022-07-18',15,13),(1560,'2022-07-18',15,3),(1561,'2022-07-18',14,41),(1562,'2022-07-18',14,2),(1563,'2022-07-18',14,1),(1564,'2022-07-18',13,3),(1565,'2022-07-18',13,2),(1566,'2022-07-18',11,13),(1567,'2022-07-18',11,7),(1568,'2022-07-18',10,5),(1569,'2022-07-18',10,3),(1570,'2022-07-18',10,2),(1571,'2022-07-18',10,1),(1572,'2022-07-18',9,13),(1573,'2022-07-18',9,7),(1574,'2022-07-18',9,3),(1575,'2022-07-18',8,3),(1576,'2022-07-18',8,2),(1577,'2022-07-18',8,1),(1578,'2022-07-18',7,37),(1579,'2022-07-18',7,3),(1580,'2022-07-18',7,2),(1581,'2022-07-18',6,7),(1582,'2022-07-18',6,3),(1583,'2022-07-18',6,2),(1584,'2022-07-18',5,37),(1585,'2022-07-18',5,13),(1586,'2022-07-18',5,11),(1587,'2022-07-18',5,3),(1588,'2022-07-18',5,2),(1589,'2022-07-18',5,1),(1590,'2022-07-18',4,3),(1591,'2022-07-18',4,2),(1592,'2022-07-18',3,7),(1593,'2022-07-18',3,3),(1594,'2022-07-18',3,2),(1595,'2022-07-18',2,11),(1596,'2022-07-18',2,7),(1597,'2022-07-18',1,7),(1598,'2022-07-18',1,3),(1599,'2022-07-18',1,2),(1600,'2022-07-18',1,1),(1601,'2022-08-11',21,3),(1602,'2022-08-11',19,59),(1603,'2022-08-11',19,7),(1604,'2022-08-11',17,11),(1605,'2022-08-11',17,7),(1606,'2022-08-11',17,3),(1607,'2022-08-11',17,2),(1608,'2022-08-11',15,31),(1609,'2022-08-11',15,13),(1610,'2022-08-11',15,3),(1611,'2022-08-11',14,41),(1612,'2022-08-11',14,2),(1613,'2022-08-11',14,1),(1614,'2022-08-11',13,3),(1615,'2022-08-11',13,2),(1616,'2022-08-11',11,13),(1617,'2022-08-11',11,7),(1618,'2022-08-11',10,5),(1619,'2022-08-11',10,3),(1620,'2022-08-11',10,2),(1621,'2022-08-11',10,1),(1622,'2022-08-11',9,13),(1623,'2022-08-11',9,7),(1624,'2022-08-11',9,3),(1625,'2022-08-11',8,3),(1626,'2022-08-11',8,2),(1627,'2022-08-11',8,1),(1628,'2022-08-11',7,37),(1629,'2022-08-11',7,3),(1630,'2022-08-11',7,2),(1631,'2022-08-11',6,7),(1632,'2022-08-11',6,3),(1633,'2022-08-11',6,2),(1634,'2022-08-11',5,37),(1635,'2022-08-11',5,13),(1636,'2022-08-11',5,11),(1637,'2022-08-11',5,3),(1638,'2022-08-11',5,2),(1639,'2022-08-11',5,1),(1640,'2022-08-11',4,3),(1641,'2022-08-11',4,2),(1642,'2022-08-11',3,7),(1643,'2022-08-11',3,3),(1644,'2022-08-11',3,2),(1645,'2022-08-11',2,11),(1646,'2022-08-11',2,7),(1647,'2022-08-11',1,7),(1648,'2022-08-11',1,3),(1649,'2022-08-11',1,2),(1650,'2022-08-11',1,1),(1651,'2022-08-15',21,3),(1652,'2022-08-15',19,59),(1653,'2022-08-15',19,7),(1654,'2022-08-15',17,11),(1655,'2022-08-15',17,7),(1656,'2022-08-15',17,3),(1657,'2022-08-15',17,2),(1658,'2022-08-15',15,31),(1659,'2022-08-15',15,13),(1660,'2022-08-15',15,3),(1661,'2022-08-15',14,41),(1662,'2022-08-15',14,2),(1663,'2022-08-15',14,1),(1664,'2022-08-15',13,3),(1665,'2022-08-15',13,2),(1666,'2022-08-15',11,13),(1667,'2022-08-15',11,7),(1668,'2022-08-15',10,5),(1669,'2022-08-15',10,3),(1670,'2022-08-15',10,2),(1671,'2022-08-15',10,1),(1672,'2022-08-15',9,13),(1673,'2022-08-15',9,7),(1674,'2022-08-15',9,3),(1675,'2022-08-15',8,3),(1676,'2022-08-15',8,2),(1677,'2022-08-15',8,1),(1678,'2022-08-15',7,37),(1679,'2022-08-15',7,3),(1680,'2022-08-15',7,2),(1681,'2022-08-15',6,7),(1682,'2022-08-15',6,3),(1683,'2022-08-15',6,2),(1684,'2022-08-15',5,37),(1685,'2022-08-15',5,13),(1686,'2022-08-15',5,11),(1687,'2022-08-15',5,3),(1688,'2022-08-15',5,2),(1689,'2022-08-15',5,1),(1690,'2022-08-15',4,3),(1691,'2022-08-15',4,2),(1692,'2022-08-15',3,7),(1693,'2022-08-15',3,3),(1694,'2022-08-15',3,2),(1695,'2022-08-15',2,11),(1696,'2022-08-15',2,7),(1697,'2022-08-15',1,7),(1698,'2022-08-15',1,3),(1699,'2022-08-15',1,2),(1700,'2022-08-15',1,1),(1701,'2022-08-17',21,3),(1702,'2022-08-17',19,59),(1703,'2022-08-17',19,7),(1704,'2022-08-17',17,11),(1705,'2022-08-17',17,7),(1706,'2022-08-17',17,3),(1707,'2022-08-17',17,2),(1708,'2022-08-17',15,31),(1709,'2022-08-17',15,13),(1710,'2022-08-17',15,3),(1711,'2022-08-17',14,41),(1712,'2022-08-17',14,2),(1713,'2022-08-17',14,1),(1714,'2022-08-17',13,3),(1715,'2022-08-17',13,2),(1716,'2022-08-17',11,13),(1717,'2022-08-17',11,7),(1718,'2022-08-17',10,5),(1719,'2022-08-17',10,3),(1720,'2022-08-17',10,2),(1721,'2022-08-17',10,1),(1722,'2022-08-17',9,13),(1723,'2022-08-17',9,7),(1724,'2022-08-17',9,3),(1725,'2022-08-17',8,3),(1726,'2022-08-17',8,2),(1727,'2022-08-17',8,1),(1728,'2022-08-17',7,37),(1729,'2022-08-17',7,3),(1730,'2022-08-17',7,2),(1731,'2022-08-17',6,7),(1732,'2022-08-17',6,3),(1733,'2022-08-17',6,2),(1734,'2022-08-17',5,37),(1735,'2022-08-17',5,13),(1736,'2022-08-17',5,11),(1737,'2022-08-17',5,3),(1738,'2022-08-17',5,2),(1739,'2022-08-17',5,1),(1740,'2022-08-17',4,3),(1741,'2022-08-17',4,2),(1742,'2022-08-17',3,7),(1743,'2022-08-17',3,3),(1744,'2022-08-17',3,2),(1745,'2022-08-17',2,11),(1746,'2022-08-17',2,7),(1747,'2022-08-17',1,7),(1748,'2022-08-17',1,3),(1749,'2022-08-17',1,2),(1750,'2022-08-17',1,1),(1751,'2022-08-29',21,3),(1752,'2022-08-29',19,59),(1753,'2022-08-29',19,7),(1754,'2022-08-29',17,11),(1755,'2022-08-29',17,7),(1756,'2022-08-29',17,3),(1757,'2022-08-29',17,2),(1758,'2022-08-29',15,31),(1759,'2022-08-29',15,13),(1760,'2022-08-29',15,3),(1761,'2022-08-29',14,41),(1762,'2022-08-29',14,2),(1763,'2022-08-29',14,1),(1764,'2022-08-29',13,3),(1765,'2022-08-29',13,2),(1766,'2022-08-29',11,13),(1767,'2022-08-29',11,7),(1768,'2022-08-29',10,5),(1769,'2022-08-29',10,3),(1770,'2022-08-29',10,2),(1771,'2022-08-29',10,1),(1772,'2022-08-29',9,13),(1773,'2022-08-29',9,7),(1774,'2022-08-29',9,3),(1775,'2022-08-29',8,3),(1776,'2022-08-29',8,2),(1777,'2022-08-29',8,1),(1778,'2022-08-29',7,37),(1779,'2022-08-29',7,3),(1780,'2022-08-29',7,2),(1781,'2022-08-29',6,7),(1782,'2022-08-29',6,3),(1783,'2022-08-29',6,2),(1784,'2022-08-29',5,37),(1785,'2022-08-29',5,13),(1786,'2022-08-29',5,11),(1787,'2022-08-29',5,3),(1788,'2022-08-29',5,2),(1789,'2022-08-29',5,1),(1790,'2022-08-29',4,3),(1791,'2022-08-29',4,2),(1792,'2022-08-29',3,7),(1793,'2022-08-29',3,3),(1794,'2022-08-29',3,2),(1795,'2022-08-29',2,11),(1796,'2022-08-29',2,7),(1797,'2022-08-29',1,7),(1798,'2022-08-29',1,3),(1799,'2022-08-29',1,2),(1800,'2022-08-29',1,1),(1801,'2022-09-08',21,3),(1802,'2022-09-08',19,59),(1803,'2022-09-08',19,7),(1804,'2022-09-08',17,11),(1805,'2022-09-08',17,7),(1806,'2022-09-08',17,3),(1807,'2022-09-08',17,2),(1808,'2022-09-08',15,31),(1809,'2022-09-08',15,13),(1810,'2022-09-08',15,3),(1811,'2022-09-08',14,41),(1812,'2022-09-08',14,2),(1813,'2022-09-08',14,1),(1814,'2022-09-08',13,3),(1815,'2022-09-08',13,2),(1816,'2022-09-08',11,13),(1817,'2022-09-08',11,7),(1818,'2022-09-08',10,5),(1819,'2022-09-08',10,3),(1820,'2022-09-08',10,2),(1821,'2022-09-08',10,1),(1822,'2022-09-08',9,13),(1823,'2022-09-08',9,7),(1824,'2022-09-08',9,3),(1825,'2022-09-08',8,3),(1826,'2022-09-08',8,2),(1827,'2022-09-08',8,1),(1828,'2022-09-08',7,37),(1829,'2022-09-08',7,3),(1830,'2022-09-08',7,2),(1831,'2022-09-08',6,7),(1832,'2022-09-08',6,3),(1833,'2022-09-08',6,2),(1834,'2022-09-08',5,37),(1835,'2022-09-08',5,13),(1836,'2022-09-08',5,11),(1837,'2022-09-08',5,3),(1838,'2022-09-08',5,2),(1839,'2022-09-08',5,1),(1840,'2022-09-08',4,3),(1841,'2022-09-08',4,2),(1842,'2022-09-08',3,7),(1843,'2022-09-08',3,3),(1844,'2022-09-08',3,2),(1845,'2022-09-08',2,11),(1846,'2022-09-08',2,7),(1847,'2022-09-08',1,7),(1848,'2022-09-08',1,3),(1849,'2022-09-08',1,2),(1850,'2022-09-08',1,1),(1851,'2022-09-14',21,3),(1852,'2022-09-14',19,59),(1853,'2022-09-14',19,7),(1854,'2022-09-14',17,11),(1855,'2022-09-14',17,7),(1856,'2022-09-14',17,3),(1857,'2022-09-14',17,2),(1858,'2022-09-14',15,31),(1859,'2022-09-14',15,13),(1860,'2022-09-14',15,3),(1861,'2022-09-14',14,41),(1862,'2022-09-14',14,2),(1863,'2022-09-14',14,1),(1864,'2022-09-14',13,3),(1865,'2022-09-14',13,2),(1866,'2022-09-14',11,13),(1867,'2022-09-14',11,7),(1868,'2022-09-14',10,5),(1869,'2022-09-14',10,3),(1870,'2022-09-14',10,2),(1871,'2022-09-14',10,1),(1872,'2022-09-14',9,13),(1873,'2022-09-14',9,7),(1874,'2022-09-14',9,3),(1875,'2022-09-14',8,3),(1876,'2022-09-14',8,2),(1877,'2022-09-14',8,1),(1878,'2022-09-14',7,37),(1879,'2022-09-14',7,3),(1880,'2022-09-14',7,2),(1881,'2022-09-14',6,7),(1882,'2022-09-14',6,3),(1883,'2022-09-14',6,2),(1884,'2022-09-14',5,37),(1885,'2022-09-14',5,13),(1886,'2022-09-14',5,11),(1887,'2022-09-14',5,3),(1888,'2022-09-14',5,2),(1889,'2022-09-14',5,1),(1890,'2022-09-14',4,3),(1891,'2022-09-14',4,2),(1892,'2022-09-14',3,7),(1893,'2022-09-14',3,3),(1894,'2022-09-14',3,2),(1895,'2022-09-14',2,11),(1896,'2022-09-14',2,7),(1897,'2022-09-14',1,7),(1898,'2022-09-14',1,3),(1899,'2022-09-14',1,2),(1900,'2022-09-14',1,1),(1901,'2022-09-20',21,3),(1902,'2022-09-20',19,59),(1903,'2022-09-20',19,7),(1904,'2022-09-20',17,11),(1905,'2022-09-20',17,7),(1906,'2022-09-20',17,3),(1907,'2022-09-20',17,2),(1908,'2022-09-20',15,31),(1909,'2022-09-20',15,13),(1910,'2022-09-20',15,3),(1911,'2022-09-20',14,41),(1912,'2022-09-20',14,2),(1913,'2022-09-20',14,1),(1914,'2022-09-20',13,3),(1915,'2022-09-20',13,2),(1916,'2022-09-20',11,13),(1917,'2022-09-20',11,7),(1918,'2022-09-20',10,5),(1919,'2022-09-20',10,3),(1920,'2022-09-20',10,2),(1921,'2022-09-20',10,1),(1922,'2022-09-20',9,13),(1923,'2022-09-20',9,7),(1924,'2022-09-20',9,3),(1925,'2022-09-20',8,3),(1926,'2022-09-20',8,2),(1927,'2022-09-20',8,1),(1928,'2022-09-20',7,37),(1929,'2022-09-20',7,3),(1930,'2022-09-20',7,2),(1931,'2022-09-20',6,7),(1932,'2022-09-20',6,3),(1933,'2022-09-20',6,2),(1934,'2022-09-20',5,37),(1935,'2022-09-20',5,13),(1936,'2022-09-20',5,11),(1937,'2022-09-20',5,3),(1938,'2022-09-20',5,2),(1939,'2022-09-20',5,1),(1940,'2022-09-20',4,3),(1941,'2022-09-20',4,2),(1942,'2022-09-20',3,7),(1943,'2022-09-20',3,3),(1944,'2022-09-20',3,2),(1945,'2022-09-20',2,11),(1946,'2022-09-20',2,7),(1947,'2022-09-20',1,7),(1948,'2022-09-20',1,3),(1949,'2022-09-20',1,2),(1950,'2022-09-20',1,1),(1951,'2022-09-26',21,3),(1952,'2022-09-26',19,59),(1953,'2022-09-26',19,7),(1954,'2022-09-26',17,11),(1955,'2022-09-26',17,7),(1956,'2022-09-26',17,3),(1957,'2022-09-26',17,2),(1958,'2022-09-26',15,31),(1959,'2022-09-26',15,13),(1960,'2022-09-26',15,3),(1961,'2022-09-26',14,41),(1962,'2022-09-26',14,2),(1963,'2022-09-26',14,1),(1964,'2022-09-26',13,3),(1965,'2022-09-26',13,2),(1966,'2022-09-26',11,13),(1967,'2022-09-26',11,7),(1968,'2022-09-26',10,5),(1969,'2022-09-26',10,3),(1970,'2022-09-26',10,2),(1971,'2022-09-26',10,1),(1972,'2022-09-26',9,13),(1973,'2022-09-26',9,7),(1974,'2022-09-26',9,3),(1975,'2022-09-26',8,3),(1976,'2022-09-26',8,2),(1977,'2022-09-26',8,1),(1978,'2022-09-26',7,37),(1979,'2022-09-26',7,3),(1980,'2022-09-26',7,2),(1981,'2022-09-26',6,7),(1982,'2022-09-26',6,3),(1983,'2022-09-26',6,2),(1984,'2022-09-26',5,37),(1985,'2022-09-26',5,13),(1986,'2022-09-26',5,11),(1987,'2022-09-26',5,3),(1988,'2022-09-26',5,2),(1989,'2022-09-26',5,1),(1990,'2022-09-26',4,3),(1991,'2022-09-26',4,2),(1992,'2022-09-26',3,7),(1993,'2022-09-26',3,3),(1994,'2022-09-26',3,2),(1995,'2022-09-26',2,11),(1996,'2022-09-26',2,7),(1997,'2022-09-26',1,7),(1998,'2022-09-26',1,3),(1999,'2022-09-26',1,2),(2000,'2022-09-26',1,1),(2001,'2022-09-28',21,3),(2002,'2022-09-28',19,59),(2003,'2022-09-28',19,7),(2004,'2022-09-28',17,11),(2005,'2022-09-28',17,7),(2006,'2022-09-28',17,3),(2007,'2022-09-28',17,2),(2008,'2022-09-28',15,31),(2009,'2022-09-28',15,13),(2010,'2022-09-28',15,3),(2011,'2022-09-28',14,41),(2012,'2022-09-28',14,2),(2013,'2022-09-28',14,1),(2014,'2022-09-28',13,3),(2015,'2022-09-28',13,2),(2016,'2022-09-28',11,13),(2017,'2022-09-28',11,7),(2018,'2022-09-28',10,5),(2019,'2022-09-28',10,3),(2020,'2022-09-28',10,2),(2021,'2022-09-28',10,1),(2022,'2022-09-28',9,13),(2023,'2022-09-28',9,7),(2024,'2022-09-28',9,3),(2025,'2022-09-28',8,3),(2026,'2022-09-28',8,2),(2027,'2022-09-28',8,1),(2028,'2022-09-28',7,37),(2029,'2022-09-28',7,3),(2030,'2022-09-28',7,2),(2031,'2022-09-28',6,7),(2032,'2022-09-28',6,3),(2033,'2022-09-28',6,2),(2034,'2022-09-28',5,37),(2035,'2022-09-28',5,13),(2036,'2022-09-28',5,11),(2037,'2022-09-28',5,3),(2038,'2022-09-28',5,2),(2039,'2022-09-28',5,1),(2040,'2022-09-28',4,3),(2041,'2022-09-28',4,2),(2042,'2022-09-28',3,7),(2043,'2022-09-28',3,3),(2044,'2022-09-28',3,2),(2045,'2022-09-28',2,11),(2046,'2022-09-28',2,7),(2047,'2022-09-28',1,7),(2048,'2022-09-28',1,3),(2049,'2022-09-28',1,2),(2050,'2022-09-28',1,1),(2051,'2022-10-04',21,3),(2052,'2022-10-04',19,59),(2053,'2022-10-04',19,7),(2054,'2022-10-04',17,11),(2055,'2022-10-04',17,7),(2056,'2022-10-04',17,3),(2057,'2022-10-04',17,2),(2058,'2022-10-04',15,31),(2059,'2022-10-04',15,13),(2060,'2022-10-04',15,3),(2061,'2022-10-04',14,41),(2062,'2022-10-04',14,2),(2063,'2022-10-04',14,1),(2064,'2022-10-04',13,3),(2065,'2022-10-04',13,2),(2066,'2022-10-04',11,13),(2067,'2022-10-04',11,7),(2068,'2022-10-04',10,5),(2069,'2022-10-04',10,3),(2070,'2022-10-04',10,2),(2071,'2022-10-04',10,1),(2072,'2022-10-04',9,13),(2073,'2022-10-04',9,7),(2074,'2022-10-04',9,3),(2075,'2022-10-04',8,3),(2076,'2022-10-04',8,2),(2077,'2022-10-04',8,1),(2078,'2022-10-04',7,37),(2079,'2022-10-04',7,3),(2080,'2022-10-04',7,2),(2081,'2022-10-04',6,7),(2082,'2022-10-04',6,3),(2083,'2022-10-04',6,2),(2084,'2022-10-04',5,37),(2085,'2022-10-04',5,13),(2086,'2022-10-04',5,11),(2087,'2022-10-04',5,3),(2088,'2022-10-04',5,2),(2089,'2022-10-04',5,1),(2090,'2022-10-04',4,3),(2091,'2022-10-04',4,2),(2092,'2022-10-04',3,7),(2093,'2022-10-04',3,3),(2094,'2022-10-04',3,2),(2095,'2022-10-04',2,11),(2096,'2022-10-04',2,7),(2097,'2022-10-04',1,7),(2098,'2022-10-04',1,3),(2099,'2022-10-04',1,2),(2100,'2022-10-04',1,1),(2101,'2022-10-10',21,3),(2102,'2022-10-10',19,59),(2103,'2022-10-10',19,7),(2104,'2022-10-10',17,11),(2105,'2022-10-10',17,7),(2106,'2022-10-10',17,3),(2107,'2022-10-10',17,2),(2108,'2022-10-10',15,31),(2109,'2022-10-10',15,13),(2110,'2022-10-10',15,3),(2111,'2022-10-10',14,41),(2112,'2022-10-10',14,2),(2113,'2022-10-10',14,1),(2114,'2022-10-10',13,3),(2115,'2022-10-10',13,2),(2116,'2022-10-10',11,13),(2117,'2022-10-10',11,7),(2118,'2022-10-10',10,5),(2119,'2022-10-10',10,3),(2120,'2022-10-10',10,2),(2121,'2022-10-10',10,1),(2122,'2022-10-10',9,13),(2123,'2022-10-10',9,7),(2124,'2022-10-10',9,3),(2125,'2022-10-10',8,3),(2126,'2022-10-10',8,2),(2127,'2022-10-10',8,1),(2128,'2022-10-10',7,37),(2129,'2022-10-10',7,3),(2130,'2022-10-10',7,2),(2131,'2022-10-10',6,7),(2132,'2022-10-10',6,3),(2133,'2022-10-10',6,2),(2134,'2022-10-10',5,37),(2135,'2022-10-10',5,13),(2136,'2022-10-10',5,11),(2137,'2022-10-10',5,3),(2138,'2022-10-10',5,2),(2139,'2022-10-10',5,1),(2140,'2022-10-10',4,3),(2141,'2022-10-10',4,2),(2142,'2022-10-10',3,7),(2143,'2022-10-10',3,3),(2144,'2022-10-10',3,2),(2145,'2022-10-10',2,11),(2146,'2022-10-10',2,7),(2147,'2022-10-10',1,7),(2148,'2022-10-10',1,3),(2149,'2022-10-10',1,2),(2150,'2022-10-10',1,1),(2151,'2022-10-20',21,3),(2152,'2022-10-20',19,59),(2153,'2022-10-20',19,7),(2154,'2022-10-20',17,11),(2155,'2022-10-20',17,7),(2156,'2022-10-20',17,3),(2157,'2022-10-20',17,2),(2158,'2022-10-20',15,31),(2159,'2022-10-20',15,13),(2160,'2022-10-20',15,3),(2161,'2022-10-20',14,41),(2162,'2022-10-20',14,2),(2163,'2022-10-20',14,1),(2164,'2022-10-20',13,3),(2165,'2022-10-20',13,2),(2166,'2022-10-20',11,13),(2167,'2022-10-20',11,7),(2168,'2022-10-20',10,5),(2169,'2022-10-20',10,3),(2170,'2022-10-20',10,2),(2171,'2022-10-20',10,1),(2172,'2022-10-20',9,13),(2173,'2022-10-20',9,7),(2174,'2022-10-20',9,3),(2175,'2022-10-20',8,3),(2176,'2022-10-20',8,2),(2177,'2022-10-20',8,1),(2178,'2022-10-20',7,37),(2179,'2022-10-20',7,3),(2180,'2022-10-20',7,2),(2181,'2022-10-20',6,7),(2182,'2022-10-20',6,3),(2183,'2022-10-20',6,2),(2184,'2022-10-20',5,37),(2185,'2022-10-20',5,13),(2186,'2022-10-20',5,11),(2187,'2022-10-20',5,3),(2188,'2022-10-20',5,2),(2189,'2022-10-20',5,1),(2190,'2022-10-20',4,3),(2191,'2022-10-20',4,2),(2192,'2022-10-20',3,7),(2193,'2022-10-20',3,3),(2194,'2022-10-20',3,2),(2195,'2022-10-20',2,11),(2196,'2022-10-20',2,7),(2197,'2022-10-20',1,7),(2198,'2022-10-20',1,3),(2199,'2022-10-20',1,2),(2200,'2022-10-20',1,1),(2201,'2022-11-03',21,3),(2202,'2022-11-03',19,59),(2203,'2022-11-03',19,7),(2204,'2022-11-03',17,11),(2205,'2022-11-03',17,7),(2206,'2022-11-03',17,3),(2207,'2022-11-03',17,2),(2208,'2022-11-03',15,31),(2209,'2022-11-03',15,13),(2210,'2022-11-03',15,3),(2211,'2022-11-03',14,41),(2212,'2022-11-03',14,2),(2213,'2022-11-03',14,1),(2214,'2022-11-03',13,3),(2215,'2022-11-03',13,2),(2216,'2022-11-03',11,13),(2217,'2022-11-03',11,7),(2218,'2022-11-03',10,5),(2219,'2022-11-03',10,3),(2220,'2022-11-03',10,2),(2221,'2022-11-03',10,1),(2222,'2022-11-03',9,13),(2223,'2022-11-03',9,7),(2224,'2022-11-03',9,3),(2225,'2022-11-03',8,3),(2226,'2022-11-03',8,2),(2227,'2022-11-03',8,1),(2228,'2022-11-03',7,37),(2229,'2022-11-03',7,3),(2230,'2022-11-03',7,2),(2231,'2022-11-03',6,7),(2232,'2022-11-03',6,3),(2233,'2022-11-03',6,2),(2234,'2022-11-03',5,37),(2235,'2022-11-03',5,13),(2236,'2022-11-03',5,11),(2237,'2022-11-03',5,3),(2238,'2022-11-03',5,2),(2239,'2022-11-03',5,1),(2240,'2022-11-03',4,3),(2241,'2022-11-03',4,2),(2242,'2022-11-03',3,7),(2243,'2022-11-03',3,3),(2244,'2022-11-03',3,2),(2245,'2022-11-03',2,11),(2246,'2022-11-03',2,7),(2247,'2022-11-03',1,7),(2248,'2022-11-03',1,3),(2249,'2022-11-03',1,2),(2250,'2022-11-03',1,1),(2251,'2022-11-07',21,3),(2252,'2022-11-07',19,59),(2253,'2022-11-07',19,7),(2254,'2022-11-07',17,11),(2255,'2022-11-07',17,7),(2256,'2022-11-07',17,3),(2257,'2022-11-07',17,2),(2258,'2022-11-07',15,31),(2259,'2022-11-07',15,13),(2260,'2022-11-07',15,3),(2261,'2022-11-07',14,41),(2262,'2022-11-07',14,2),(2263,'2022-11-07',14,1),(2264,'2022-11-07',13,3),(2265,'2022-11-07',13,2),(2266,'2022-11-07',11,13),(2267,'2022-11-07',11,7),(2268,'2022-11-07',10,5),(2269,'2022-11-07',10,3),(2270,'2022-11-07',10,2),(2271,'2022-11-07',10,1),(2272,'2022-11-07',9,13),(2273,'2022-11-07',9,7),(2274,'2022-11-07',9,3),(2275,'2022-11-07',8,3),(2276,'2022-11-07',8,2),(2277,'2022-11-07',8,1),(2278,'2022-11-07',7,37),(2279,'2022-11-07',7,3),(2280,'2022-11-07',7,2),(2281,'2022-11-07',6,7),(2282,'2022-11-07',6,3),(2283,'2022-11-07',6,2),(2284,'2022-11-07',5,37),(2285,'2022-11-07',5,13),(2286,'2022-11-07',5,11),(2287,'2022-11-07',5,3),(2288,'2022-11-07',5,2),(2289,'2022-11-07',5,1),(2290,'2022-11-07',4,3),(2291,'2022-11-07',4,2),(2292,'2022-11-07',3,7),(2293,'2022-11-07',3,3),(2294,'2022-11-07',3,2),(2295,'2022-11-07',2,11),(2296,'2022-11-07',2,7),(2297,'2022-11-07',1,7),(2298,'2022-11-07',1,3),(2299,'2022-11-07',1,2),(2300,'2022-11-07',1,1),(2301,'2022-11-09',21,3),(2302,'2022-11-09',19,59),(2303,'2022-11-09',19,7),(2304,'2022-11-09',17,11),(2305,'2022-11-09',17,7),(2306,'2022-11-09',17,3),(2307,'2022-11-09',17,2),(2308,'2022-11-09',15,31),(2309,'2022-11-09',15,13),(2310,'2022-11-09',15,3),(2311,'2022-11-09',14,41),(2312,'2022-11-09',14,2),(2313,'2022-11-09',14,1),(2314,'2022-11-09',13,3),(2315,'2022-11-09',13,2),(2316,'2022-11-09',11,13),(2317,'2022-11-09',11,7),(2318,'2022-11-09',10,5),(2319,'2022-11-09',10,3),(2320,'2022-11-09',10,2),(2321,'2022-11-09',10,1),(2322,'2022-11-09',9,13),(2323,'2022-11-09',9,7),(2324,'2022-11-09',9,3),(2325,'2022-11-09',8,3),(2326,'2022-11-09',8,2),(2327,'2022-11-09',8,1),(2328,'2022-11-09',7,37),(2329,'2022-11-09',7,3),(2330,'2022-11-09',7,2),(2331,'2022-11-09',6,7),(2332,'2022-11-09',6,3),(2333,'2022-11-09',6,2),(2334,'2022-11-09',5,37),(2335,'2022-11-09',5,13),(2336,'2022-11-09',5,11),(2337,'2022-11-09',5,3),(2338,'2022-11-09',5,2),(2339,'2022-11-09',5,1),(2340,'2022-11-09',4,3),(2341,'2022-11-09',4,2),(2342,'2022-11-09',3,7),(2343,'2022-11-09',3,3),(2344,'2022-11-09',3,2),(2345,'2022-11-09',2,11),(2346,'2022-11-09',2,7),(2347,'2022-11-09',1,7),(2348,'2022-11-09',1,3),(2349,'2022-11-09',1,2),(2350,'2022-11-09',1,1),(2351,'2022-12-13',21,3),(2352,'2022-12-13',19,59),(2353,'2022-12-13',19,7),(2354,'2022-12-13',17,11),(2355,'2022-12-13',17,7),(2356,'2022-12-13',17,3),(2357,'2022-12-13',17,2),(2358,'2022-12-13',15,31),(2359,'2022-12-13',15,13),(2360,'2022-12-13',15,3),(2361,'2022-12-13',14,41),(2362,'2022-12-13',14,2),(2363,'2022-12-13',14,1),(2364,'2022-12-13',13,3),(2365,'2022-12-13',13,2),(2366,'2022-12-13',11,13),(2367,'2022-12-13',11,7),(2368,'2022-12-13',10,5),(2369,'2022-12-13',10,3),(2370,'2022-12-13',10,2),(2371,'2022-12-13',10,1),(2372,'2022-12-13',9,13),(2373,'2022-12-13',9,7),(2374,'2022-12-13',9,3),(2375,'2022-12-13',8,3),(2376,'2022-12-13',8,2),(2377,'2022-12-13',8,1),(2378,'2022-12-13',7,37),(2379,'2022-12-13',7,3),(2380,'2022-12-13',7,2),(2381,'2022-12-13',6,7),(2382,'2022-12-13',6,3),(2383,'2022-12-13',6,2),(2384,'2022-12-13',5,37),(2385,'2022-12-13',5,13),(2386,'2022-12-13',5,11),(2387,'2022-12-13',5,3),(2388,'2022-12-13',5,2),(2389,'2022-12-13',5,1),(2390,'2022-12-13',4,3),(2391,'2022-12-13',4,2),(2392,'2022-12-13',3,7),(2393,'2022-12-13',3,3),(2394,'2022-12-13',3,2),(2395,'2022-12-13',2,11),(2396,'2022-12-13',2,7),(2397,'2022-12-13',1,7),(2398,'2022-12-13',1,3),(2399,'2022-12-13',1,2),(2400,'2022-12-13',1,1),(2401,'2022-12-15',21,3),(2402,'2022-12-15',19,59),(2403,'2022-12-15',19,7),(2404,'2022-12-15',17,11),(2405,'2022-12-15',17,7),(2406,'2022-12-15',17,3),(2407,'2022-12-15',17,2),(2408,'2022-12-15',15,31),(2409,'2022-12-15',15,13),(2410,'2022-12-15',15,3),(2411,'2022-12-15',14,41),(2412,'2022-12-15',14,2),(2413,'2022-12-15',14,1),(2414,'2022-12-15',13,3),(2415,'2022-12-15',13,2),(2416,'2022-12-15',11,13),(2417,'2022-12-15',11,7),(2418,'2022-12-15',10,5),(2419,'2022-12-15',10,3),(2420,'2022-12-15',10,2),(2421,'2022-12-15',10,1),(2422,'2022-12-15',9,13),(2423,'2022-12-15',9,7),(2424,'2022-12-15',9,3),(2425,'2022-12-15',8,3),(2426,'2022-12-15',8,2),(2427,'2022-12-15',8,1),(2428,'2022-12-15',7,37),(2429,'2022-12-15',7,3),(2430,'2022-12-15',7,2),(2431,'2022-12-15',6,7),(2432,'2022-12-15',6,3),(2433,'2022-12-15',6,2),(2434,'2022-12-15',5,37),(2435,'2022-12-15',5,13),(2436,'2022-12-15',5,11),(2437,'2022-12-15',5,3),(2438,'2022-12-15',5,2),(2439,'2022-12-15',5,1),(2440,'2022-12-15',4,3),(2441,'2022-12-15',4,2),(2442,'2022-12-15',3,7),(2443,'2022-12-15',3,3),(2444,'2022-12-15',3,2),(2445,'2022-12-15',2,11),(2446,'2022-12-15',2,7),(2447,'2022-12-15',1,7),(2448,'2022-12-15',1,3),(2449,'2022-12-15',1,2),(2450,'2022-12-15',1,1),(2451,'2022-12-19',21,3),(2452,'2022-12-19',19,59),(2453,'2022-12-19',19,7),(2454,'2022-12-19',17,11),(2455,'2022-12-19',17,7),(2456,'2022-12-19',17,3),(2457,'2022-12-19',17,2),(2458,'2022-12-19',15,31),(2459,'2022-12-19',15,13),(2460,'2022-12-19',15,3),(2461,'2022-12-19',14,41),(2462,'2022-12-19',14,2),(2463,'2022-12-19',14,1),(2464,'2022-12-19',13,3),(2465,'2022-12-19',13,2),(2466,'2022-12-19',11,13),(2467,'2022-12-19',11,7),(2468,'2022-12-19',10,5),(2469,'2022-12-19',10,3),(2470,'2022-12-19',10,2),(2471,'2022-12-19',10,1),(2472,'2022-12-19',9,13),(2473,'2022-12-19',9,7),(2474,'2022-12-19',9,3),(2475,'2022-12-19',8,3),(2476,'2022-12-19',8,2),(2477,'2022-12-19',8,1),(2478,'2022-12-19',7,37),(2479,'2022-12-19',7,3),(2480,'2022-12-19',7,2),(2481,'2022-12-19',6,7),(2482,'2022-12-19',6,3),(2483,'2022-12-19',6,2),(2484,'2022-12-19',5,37),(2485,'2022-12-19',5,13),(2486,'2022-12-19',5,11),(2487,'2022-12-19',5,3),(2488,'2022-12-19',5,2),(2489,'2022-12-19',5,1),(2490,'2022-12-19',4,3),(2491,'2022-12-19',4,2),(2492,'2022-12-19',3,7),(2493,'2022-12-19',3,3),(2494,'2022-12-19',3,2),(2495,'2022-12-19',2,11),(2496,'2022-12-19',2,7),(2497,'2022-12-19',1,7),(2498,'2022-12-19',1,3),(2499,'2022-12-19',1,2),(2500,'2022-12-19',1,1);
/*!40000 ALTER TABLE `asistencia` ENABLE KEYS */;
UNLOCK TABLES;

--
-- Table structure for table `ciudades`
--

DROP TABLE IF EXISTS `ciudades`;
/*!40101 SET @saved_cs_client     = @@character_set_client */;
/*!50503 SET character_set_client = utf8mb4 */;
CREATE TABLE `ciudades` (
  `idCiudad` int NOT NULL,
  `nombre` varchar(255) NOT NULL,
  PRIMARY KEY (`idCiudad`)
) ENGINE=InnoDB DEFAULT CHARSET=utf8mb4 COLLATE=utf8mb4_0900_ai_ci;
/*!40101 SET character_set_client = @saved_cs_client */;

--
-- Dumping data for table `ciudades`
--

LOCK TABLES `ciudades` WRITE;
/*!40000 ALTER TABLE `ciudades` DISABLE KEYS */;
INSERT INTO `ciudades` VALUES (7,'Tres Arroyos'),(9,'Escobar'),(11,'Pilar'),(13,'Ezeiza'),(15,'Tandil');
/*!40000 ALTER TABLE `ciudades` ENABLE KEYS */;
UNLOCK TABLES;

--
-- Table structure for table `clases`
--

DROP TABLE IF EXISTS `clases`;
/*!40101 SET @saved_cs_client     = @@character_set_client */;
/*!50503 SET character_set_client = utf8mb4 */;
CREATE TABLE `clases` (
  `idClase` int NOT NULL AUTO_INCREMENT,
  `nombre` varchar(255) NOT NULL,
  `escuelaIdEscuela` int DEFAULT NULL,
  `profesorIdProfesor` int DEFAULT NULL,
  PRIMARY KEY (`idClase`),
  KEY `FK_Escuela` (`escuelaIdEscuela`),
  KEY `FK_Profesor` (`profesorIdProfesor`),
  CONSTRAINT `FK_Escuela` FOREIGN KEY (`escuelaIdEscuela`) REFERENCES `escuelas` (`idEscuela`) ON DELETE CASCADE ON UPDATE CASCADE,
  CONSTRAINT `FK_Profesor` FOREIGN KEY (`profesorIdProfesor`) REFERENCES `profesores` (`idProfesor`) ON DELETE CASCADE ON UPDATE CASCADE
) ENGINE=InnoDB AUTO_INCREMENT=22 DEFAULT CHARSET=utf8mb4 COLLATE=utf8mb4_0900_ai_ci;
/*!40101 SET character_set_client = @saved_cs_client */;

--
-- Dumping data for table `clases`
--

LOCK TABLES `clases` WRITE;
/*!40000 ALTER TABLE `clases` DISABLE KEYS */;
INSERT INTO `clases` VALUES (1,'Bag',12,25),(2,'Bag',48,25),(3,'Bag',22,38),(4,'Beverages',22,78),(5,'Beverages',12,78),(6,'Beverages',26,78),(7,'Credit card',23,27),(8,'Credit card',12,27),(9,'Credit card',26,27),(10,'Delicatessen',12,90),(11,'Delicatessen',34,90),(12,'Delicatessen',30,90),(13,'Fridge',23,46),(14,'Fridge',12,46),(15,'Fruit',34,67),(16,'Fruit',30,67),(17,'Fruit',26,67),(18,'Fresh flowers',47,86),(19,'Fresh flowers',48,86),(20,'Fresh flowers',34,86),(21,'Fresh flowers',30,86);
/*!40000 ALTER TABLE `clases` ENABLE KEYS */;
UNLOCK TABLES;

--
-- Table structure for table `clases_estudiantes_estudiantes`
--

DROP TABLE IF EXISTS `clases_estudiantes_estudiantes`;
/*!40101 SET @saved_cs_client     = @@character_set_client */;
/*!50503 SET character_set_client = utf8mb4 */;
CREATE TABLE `clases_estudiantes_estudiantes` (
  `clasesIdClase` int NOT NULL,
  `estudiantesIdEstudiante` int NOT NULL,
  PRIMARY KEY (`clasesIdClase`,`estudiantesIdEstudiante`),
  KEY `IDX_Clase` (`clasesIdClase`),
  KEY `IDX_Estudiante` (`estudiantesIdEstudiante`),
  CONSTRAINT `IDX_Clase` FOREIGN KEY (`clasesIdClase`) REFERENCES `clases` (`idClase`) ON DELETE CASCADE ON UPDATE CASCADE,
  CONSTRAINT `IDX_Estudiante` FOREIGN KEY (`estudiantesIdEstudiante`) REFERENCES `estudiantes` (`idEstudiante`) ON DELETE CASCADE ON UPDATE CASCADE
) ENGINE=InnoDB DEFAULT CHARSET=utf8mb4 COLLATE=utf8mb4_0900_ai_ci;
/*!40101 SET character_set_client = @saved_cs_client */;

--
-- Dumping data for table `clases_estudiantes_estudiantes`
--

LOCK TABLES `clases_estudiantes_estudiantes` WRITE;
/*!40000 ALTER TABLE `clases_estudiantes_estudiantes` DISABLE KEYS */;
INSERT INTO `clases_estudiantes_estudiantes` VALUES (1,1),(1,2),(1,3),(1,7),(2,6),(2,7),(2,11),(3,2),(3,3),(3,6),(3,7),(3,8),(3,49),(3,51),(4,2),(4,3),(4,9),(4,45),(4,76),(5,1),(5,2),(5,3),(5,9),(5,11),(5,13),(5,24),(5,37),(6,2),(6,3),(6,6),(6,7),(6,9),(6,94),(7,2),(7,3),(7,16),(7,24),(7,37),(7,57),(7,68),(8,1),(8,2),(8,3),(8,6),(8,14),(8,51),(8,84),(9,3),(9,6),(9,7),(9,9),(9,13),(9,68),(9,72),(9,84),(10,1),(10,2),(10,3),(10,5),(10,6),(10,8),(10,9),(10,49),(11,7),(11,13),(11,14),(11,15),(13,2),(13,3),(13,6),(13,15),(14,1),(14,2),(14,6),(14,41),(14,44),(15,3),(15,6),(15,8),(15,13),(15,31),(15,58),(15,65),(16,6),(16,24),(17,2),(17,3),(17,7),(17,8),(17,11),(17,56),(17,81),(18,33),(19,6),(19,7),(19,8),(19,33),(19,59),(20,6),(20,68),(21,3),(21,6),(21,42),(21,55);
/*!40000 ALTER TABLE `clases_estudiantes_estudiantes` ENABLE KEYS */;
UNLOCK TABLES;

--
-- Table structure for table `escuelas`
--

DROP TABLE IF EXISTS `escuelas`;
/*!40101 SET @saved_cs_client     = @@character_set_client */;
/*!50503 SET character_set_client = utf8mb4 */;
CREATE TABLE `escuelas` (
  `idEscuela` int NOT NULL,
  `nombre` varchar(255) NOT NULL,
  `domicilio` varchar(255) NOT NULL,
  `ciudadIdCiudad` int DEFAULT NULL,
  PRIMARY KEY (`idEscuela`),
  KEY `FK_Ciudad` (`ciudadIdCiudad`),
  CONSTRAINT `FK_Ciudad` FOREIGN KEY (`ciudadIdCiudad`) REFERENCES `ciudades` (`idCiudad`) ON DELETE CASCADE ON UPDATE CASCADE
) ENGINE=InnoDB DEFAULT CHARSET=utf8mb4 COLLATE=utf8mb4_0900_ai_ci;
/*!40101 SET character_set_client = @saved_cs_client */;

--
-- Dumping data for table `escuelas`
--

LOCK TABLES `escuelas` WRITE;
/*!40000 ALTER TABLE `escuelas` DISABLE KEYS */;
INSERT INTO `escuelas` VALUES (12,'Escuela N. 12 - Hubbard, Melvin','5483 Dictum Ctra.',9),(19,'Escuela N. 19 - Allen, Merrill','4958 Vitae Avda.',15),(21,'Escuela N. 21 - Soto, Anjolie','1138 Amet Ctra.',15),(22,'Escuela N. 22 - Cooper, Jacob','Apartado nm.: 268, 1455 Volutpat ',7),(23,'Escuela N. 23 - Boyle, Drew','663-3481 Nisl. Ctra.',13),(26,'Escuela N. 26 - Frye, Daniel','2404 Sodales Calle',13),(28,'Escuela N. 28 - Burgess, Brady','Apdo.:912-3139 Ante C.',11),(30,'Escuela N. 30 - Sweeney, Constance','Apartado nm.: 158, 9519 Tincidunt Avenida',7),(34,'Escuela N. 34 - Noel, Alexandra','Apartado nm.: 664, 2069 A, Av.',11),(40,'Escuela N. 40 - Herring, Whoopi','869 Quisque C.',11),(47,'Escuela N. 47 - Campbell, Zorita','576-8561 Quis Ctra.',9),(48,'Escuela N. 48 - Morton, Uriah','853-9564 Eu C/',13);
/*!40000 ALTER TABLE `escuelas` ENABLE KEYS */;
UNLOCK TABLES;

--
-- Table structure for table `estudiantes`
--

DROP TABLE IF EXISTS `estudiantes`;
/*!40101 SET @saved_cs_client     = @@character_set_client */;
/*!50503 SET character_set_client = utf8mb4 */;
CREATE TABLE `estudiantes` (
  `idEstudiante` int NOT NULL,
  `apellidoNombres` varchar(255) NOT NULL,
  `fechaNacimiento` varchar(255) NOT NULL,
  PRIMARY KEY (`idEstudiante`)
) ENGINE=InnoDB DEFAULT CHARSET=utf8mb4 COLLATE=utf8mb4_0900_ai_ci;
/*!40101 SET character_set_client = @saved_cs_client */;

--
-- Dumping data for table `estudiantes`
--

LOCK TABLES `estudiantes` WRITE;
/*!40000 ALTER TABLE `estudiantes` DISABLE KEYS */;
INSERT INTO `estudiantes` VALUES (1,'Hale, Xerxes','2010-01-02'),(2,'Leblanc, Brent','2010-01-04'),(3,'Shannon, Kasper','2010-01-06'),(5,'Bullock, Kai','2010-01-10'),(6,'Hyde, Calvin','2010-01-12'),(7,'Brennan, Rina','2010-01-14'),(8,'Savage, Mari','2010-01-16'),(9,'Estes, Azalia','2010-01-18'),(11,'Alvarado, Lane','2010-01-22'),(13,'Knowles, Miranda','2010-01-26'),(14,'Lara, Ayanna','2010-01-28'),(15,'Phelps, Clio','2010-01-30'),(16,'Burch, Richard','2010-02-01'),(20,'Valenzuela, Barclay','2010-02-09'),(24,'Dorsey, Kermit','2010-02-17'),(29,'Merrill, Oscar','2010-02-27'),(31,'Wong, Jescie','2010-03-03'),(32,'Garrison, Jade','2010-03-05'),(33,'Levine, Cameran','2010-03-07'),(35,'Mccormick, Melissa','2010-03-11'),(37,'Parrish, Chandler','2010-03-15'),(39,'Rose, Anthony','2010-03-19'),(41,'Miranda, Maryam','2010-03-23'),(42,'Potts, Linus','2010-03-25'),(43,'Roy, Chancellor','2010-03-27'),(44,'Gallagher, Lana','2010-03-29'),(45,'Tyson, Azalia','2010-03-31'),(49,'Daugherty, Jescie','2010-04-08'),(50,'Kinney, Charde','2010-04-10'),(51,'Ramos, Candice','2010-04-12'),(52,'Baker, Wanda','2010-04-14'),(53,'Bernard, Quyn','2010-04-16'),(55,'Casey, Camden','2010-04-20'),(56,'Myers, Darius','2010-04-22'),(57,'Morgan, Cecilia','2010-04-24'),(58,'Stokes, Kaye','2010-04-26'),(59,'Cooke, Rebekah','2010-04-28'),(65,'Langley, Ciaran','2010-05-10'),(68,'Moreno, Lacota','2010-05-16'),(69,'Cole, Kyla','2010-05-18'),(70,'Leblanc, Bianca','2010-05-20'),(71,'Boyer, Madonna','2010-05-22'),(72,'Clemons, Denise','2010-05-24'),(73,'Bishop, Guy','2010-05-26'),(74,'Moss, Lamar','2010-05-28'),(76,'Francis, Lucas','2010-06-01'),(77,'Schroeder, Regan','2010-06-03'),(79,'Harris, Maxine','2010-06-07'),(80,'Rose, Baker','2010-06-09'),(81,'Oconnor, Hu','2010-06-11'),(82,'Sutton, Faith','2010-06-13'),(84,'Savage, Samantha','2010-06-17'),(85,'Bond, Kiara','2010-06-19'),(88,'Barker, Francis','2010-06-25'),(93,'Meyers, Julie','2010-07-05'),(94,'Randolph, Eric','2010-07-07'),(96,'Kline, Preston','2010-07-11'),(99,'Ryan, Brynn','2010-07-17');
/*!40000 ALTER TABLE `estudiantes` ENABLE KEYS */;
UNLOCK TABLES;

--
-- Table structure for table `ingreso`
--

DROP TABLE IF EXISTS `ingreso`;
/*!40101 SET @saved_cs_client     = @@character_set_client */;
/*!50503 SET character_set_client = utf8mb4 */;
CREATE TABLE `ingreso` (
  `usuario` varchar(255) NOT NULL,
  `palabra` varchar(255) NOT NULL,
  PRIMARY KEY (`usuario`)
) ENGINE=InnoDB DEFAULT CHARSET=utf8mb4 COLLATE=utf8mb4_0900_ai_ci;
/*!40101 SET character_set_client = @saved_cs_client */;

--
-- Dumping data for table `ingreso`
--

LOCK TABLES `ingreso` WRITE;
/*!40000 ALTER TABLE `ingreso` DISABLE KEYS */;
INSERT INTO `ingreso` VALUES ('mauri','cio');
/*!40000 ALTER TABLE `ingreso` ENABLE KEYS */;
UNLOCK TABLES;

--
-- Table structure for table `profesores`
--

DROP TABLE IF EXISTS `profesores`;
/*!40101 SET @saved_cs_client     = @@character_set_client */;
/*!50503 SET character_set_client = utf8mb4 */;
CREATE TABLE `profesores` (
  `idProfesor` int NOT NULL,
  `apellidoNombres` varchar(255) NOT NULL,
  PRIMARY KEY (`idProfesor`)
) ENGINE=InnoDB DEFAULT CHARSET=utf8mb4 COLLATE=utf8mb4_0900_ai_ci;
/*!40101 SET character_set_client = @saved_cs_client */;

--
-- Dumping data for table `profesores`
--

LOCK TABLES `profesores` WRITE;
/*!40000 ALTER TABLE `profesores` DISABLE KEYS */;
INSERT INTO `profesores` VALUES (25,'Summers, Galvin'),(27,'Swanson, Mason'),(38,'Pollard, Hayes'),(46,'Copeland, Suki'),(62,'Pollard, Ursula'),(66,'Robbins, Tasha'),(67,'Ray, Regina'),(78,'Page, Sloane'),(86,'Moreno, Lavinia'),(90,'Holloway, Nomlanga');
/*!40000 ALTER TABLE `profesores` ENABLE KEYS */;
UNLOCK TABLES;

--
-- Dumping routines for database 'escolar'
--
/*!50003 DROP FUNCTION IF EXISTS `esPrimo` */;
/*!50003 SET @saved_cs_client      = @@character_set_client */ ;
/*!50003 SET @saved_cs_results     = @@character_set_results */ ;
/*!50003 SET @saved_col_connection = @@collation_connection */ ;
/*!50003 SET character_set_client  = utf8mb4 */ ;
/*!50003 SET character_set_results = utf8mb4 */ ;
/*!50003 SET collation_connection  = utf8mb4_0900_ai_ci */ ;
/*!50003 SET @saved_sql_mode       = @@sql_mode */ ;
/*!50003 SET sql_mode              = 'STRICT_TRANS_TABLES,NO_ENGINE_SUBSTITUTION' */ ;
DELIMITER ;;
CREATE DEFINER=`root`@`localhost` FUNCTION `esPrimo`(n int) RETURNS tinyint(1)
    DETERMINISTIC
BEGIN
DECLARE i INTEGER;
	SET i = 2;
	WHILE i < n DO
		IF (n % i) = 0 then
			RETURN false;
		END IF;
        SET i = i + 1;
	END WHILE;
RETURN true;
END ;;
DELIMITER ;
/*!50003 SET sql_mode              = @saved_sql_mode */ ;
/*!50003 SET character_set_client  = @saved_cs_client */ ;
/*!50003 SET character_set_results = @saved_cs_results */ ;
/*!50003 SET collation_connection  = @saved_col_connection */ ;
/*!40103 SET TIME_ZONE=@OLD_TIME_ZONE */;

/*!40101 SET SQL_MODE=@OLD_SQL_MODE */;
/*!40014 SET FOREIGN_KEY_CHECKS=@OLD_FOREIGN_KEY_CHECKS */;
/*!40014 SET UNIQUE_CHECKS=@OLD_UNIQUE_CHECKS */;
/*!40101 SET CHARACTER_SET_CLIENT=@OLD_CHARACTER_SET_CLIENT */;
/*!40101 SET CHARACTER_SET_RESULTS=@OLD_CHARACTER_SET_RESULTS */;
/*!40101 SET COLLATION_CONNECTION=@OLD_COLLATION_CONNECTION */;
/*!40111 SET SQL_NOTES=@OLD_SQL_NOTES */;

-- Dump completed on 2023-07-24 18:49:45
